playerID,active
aabdelal01,FALSE
aabdulza01,FALSE
aabdulka01,FALSE
aabdulma01,FALSE
aabdulma02,FALSE
aabdulta01,FALSE
aabdursh01,FALSE
aabernto01,FALSE
aablefo01,FALSE
aabramjo01,FALSE
aackeral01,FALSE
aackerdo01,FALSE
aacresma01,FALSE
aactonbu01,FALSE
aacyqu01,TRUE
aadamsal01,FALSE
aadamsdo01,FALSE
aadamsge01,FALSE
aadamsha01,FALSE
aadamsjo01,TRUE
aadamsmi01,FALSE
aadamsst01,TRUE
aaddisra01,FALSE
aadelmri01,FALSE
aadrieje01,TRUE
aafflaar01,TRUE
aagerma01,FALSE
aaguirma01,FALSE
aahearbl01,FALSE
aaingeda01,FALSE
aaitchma01,FALSE
aajincal01,TRUE
aakinhe01,FALSE
aakognjo01,TRUE
aalabiso01,TRUE
aalarima01,FALSE
aalcorga01,FALSE
aaldemfu01,TRUE
aaldrico01,TRUE
aaldrila01,TRUE
aaleksch01,FALSE
aalexaco01,FALSE
aalexaco02,FALSE
aalexaga01,FALSE
aalexajo01,FALSE
aalexavi01,FALSE
aalforst01,FALSE
aallenbi01,FALSE
aallenbo01,FALSE
aallenje01,FALSE
aallenla01,TRUE
aallenlu01,FALSE
aallenma01,FALSE
aallenra01,FALSE
aallenra02,TRUE
aallento01,TRUE
aallenwi01,FALSE
aallisod01,FALSE
aallrela01,FALSE
aallumda01,FALSE
aalmonmo01,FALSE
aalstode01,FALSE
aalstora01,FALSE
aalumape01,FALSE
aamaecjo01,FALSE
aamayaas01,FALSE
aaminual01,TRUE
aamundlo01,TRUE
aanderbo01,FALSE
aanderch01,TRUE
aanderda03,FALSE
aanderal01,TRUE
aanderan01,FALSE
aanderan02,FALSE
aandercl01,FALSE
aanderda01,FALSE
aanderda02,FALSE
aanderde01,FALSE
aanderdw01,FALSE
aanderer01,FALSE
aandergr01,FALSE
aanderjj01,FALSE
aanderja01,TRUE
aanderje01,FALSE
aanderke01,FALSE
aanderki01,FALSE
aanderky01,TRUE
aandermi01,FALSE
aanderni01,FALSE
aanderri01,FALSE
aanderro01,FALSE
aanderry01,TRUE
aandersh01,FALSE
aanderwi01,FALSE
aanderwa01,FALSE
aandrima01,FALSE
aanieldo01,FALSE
aanslemi01,FALSE
aanstech01,FALSE
aantetgi01,TRUE
aanthoca01,TRUE
aanthogr01,FALSE
aanthojo01,TRUE
aanticpe01,TRUE
aaraujra01,FALSE
aarcenst01,FALSE
aarchiro01,FALSE
aarchiti01,FALSE
aardji01,FALSE
aarenagi01,FALSE
aarizatr01,TRUE
aarizipa01,FALSE
aarlaujo01,FALSE
aarmstbj01,FALSE
aarmstbo01,FALSE
aarmstbr01,FALSE
aarmstcu01,FALSE
aarmstda01,FALSE
aarmsthi01,TRUE
aarmstta01,FALSE
aarnelje01,FALSE
aarnetja01,FALSE
aarnzebo01,FALSE
aarroyca01,FALSE
aarthuda01,TRUE
aarthujo01,FALSE
aasikom01,TRUE
aaskewvi01,FALSE
aaskinke01,FALSE
aasmondo01,FALSE
aathadi01,FALSE
aatkinch01,FALSE
aattleal01,FALSE
aaubucch01,FALSE
aaugmost01,FALSE
aaugusdj01,TRUE
aaugusja01,FALSE
aaustiis01,FALSE
aaustijo01,FALSE
aaustike01,FALSE
aaventan01,FALSE
aaveribi01,FALSE
aaverywi01,FALSE
aawtrede01,FALSE
aayongu01,TRUE
apendeje02,TRUE
aazubuke01,FALSE
bbabbch01,TRUE
bbabbilu01,TRUE
bbabicmi01,FALSE
bbachjo01,FALSE
bbaconhe01,FALSE
bbaechji01,FALSE
bbagarda01,FALSE
bbaglejo01,FALSE
bbaileca01,FALSE
bbailegu01,FALSE
bbaileja01,FALSE
bbaileth01,FALSE
bbaileto01,FALSE
bbairsca01,TRUE
bbakerji01,FALSE
bbakerla01,FALSE
bbakerma01,FALSE
bbakerno01,FALSE
bbakervi01,FALSE
bbalkmre01,TRUE
bballce01,FALSE
bballagr01,FALSE
bbaltihe01,FALSE
bbanksge01,FALSE
bbanksma01,FALSE
bbankswa01,FALSE
bbannike01,FALSE
bbantomi01,FALSE
bbarbejo01,FALSE
bbarbole01,TRUE
bbardost01,FALSE
bbareajo01,TRUE
bbargnan01,TRUE
bbarkecl01,FALSE
bbarketo01,FALSE
bbarklch01,FALSE
bbarkler01,FALSE
bbarksdo01,FALSE
bbarneha02,TRUE
bbarneha01,FALSE
bbarneji01,FALSE
bbarnema01,FALSE
bbarnema02,TRUE
bbarnedi01,FALSE
bbarneji02,FALSE
bbarnena01,FALSE
bbarnhjo01,FALSE
bbarnhno01,FALSE
bbarnhle01,FALSE
bbarrjo01,FALSE
bbarrmi01,FALSE
bbarrmo01,FALSE
bbarrean01,FALSE
bbarreer01,FALSE
bbarremi01,FALSE
bbarroea01,TRUE
bbarroda01,FALSE
bbarrybr01,FALSE
bbarrydr01,FALSE
bbarryjo01,FALSE
bbarryri01,FALSE
bbarteed01,FALSE
bbartovi01,FALSE
bbartowi01,TRUE
bbasdeed01,FALSE
bbaskeje01,FALSE
bbassbr01,TRUE
bbasseti01,FALSE
bbastoma01,FALSE
bbateeme01,FALSE
bbatesbi01,FALSE
bbatises01,FALSE
bbatismi01,FALSE
bbattito01,FALSE
bbattish01,TRUE
bbattljo01,FALSE
bbattlke01,FALSE
bbattoda01,FALSE
bbattsll01,FALSE
bbatumni01,TRUE
bbaumjo01,FALSE
bbaumhfr01,FALSE
bbaxtelo01,FALSE
bbayleje01,TRUE
bbayloel01,FALSE
bbayneho01,FALSE
bbaynear01,TRUE
bbazarse01,FALSE
bbazemke01,TRUE
bbeached01,FALSE
bbealbr01,TRUE
bbeardal01,FALSE
bbeardbu01,FALSE
bbeardra01,FALSE
bbeaslch01,FALSE
bbeaslje01,FALSE
bbeasljo01,FALSE
bbeaslmi01,TRUE
bbeatyze01,FALSE
bbeaubro01,TRUE
bbeckby01,FALSE
bbeckco01,FALSE
bbecker01,FALSE
bbeckear01,FALSE
bbeckemo01,FALSE
bbedelbo01,FALSE
bbedfowi01,FALSE
bbeendha01,FALSE
bbehagro01,FALSE
bbehnkel01,FALSE
bbelinma01,TRUE
bbellch01,FALSE
bbellde01,FALSE
bbellra01,FALSE
bbelltr01,FALSE
bbellwh01,FALSE
bbellawa01,FALSE
bbemorir01,FALSE
bbenbole01,FALSE
bbendejo01,FALSE
bbenjabe01,FALSE
bbenjaco01,FALSE
bbennean01,TRUE
bbenneel01,FALSE
bbennema01,FALSE
bbenneme01,FALSE
bbennesp01,FALSE
bbenneto01,FALSE
bbennewi01,FALSE
bbenoida01,FALSE
bbensoke02,FALSE
bbensoke01,FALSE
bbercege01,FALSE
bbergega01,FALSE
bberghla01,FALSE
bberryri01,FALSE
bberrywa01,FALSE
bbeshode01,FALSE
bbesttr01,FALSE
bbeverpa01,TRUE
bbialowe01,FALSE
bbiancal01,FALSE
bbiasaha01,FALSE
bbibbyhe01,FALSE
bbibbymi01,FALSE
bbiedeed01,FALSE
bbiedran01,TRUE
bbielkdo01,FALSE
bbigelbo01,FALSE
bbillili01,FALSE
bbilluch01,FALSE
bbingda01,FALSE
bbiniojo01,FALSE
bbirdje01,FALSE
bbirdla01,FALSE
bbirdsot01,FALSE
bbishoga01,FALSE
bbiyombi01,TRUE
bblabuw01,FALSE
bblackch01,FALSE
bblackno01,FALSE
bblackta01,TRUE
bblackto01,FALSE
bblackro01,FALSE
bblackal01,FALSE
bblackco01,FALSE
bblackja01,FALSE
bblackna01,FALSE
bblairde01,TRUE
bblakest01,TRUE
bblalowi01,FALSE
bblanege01,FALSE
bblankla01,FALSE
bblantri01,FALSE
bblatcan01,TRUE
bblaylmo01,FALSE
bbledser01,TRUE
bblevile01,FALSE
bblockjo01,FALSE
bbloommi01,FALSE
bblounco01,FALSE
bblounma01,FALSE
bblueva01,TRUE
bblumera01,FALSE
bbobbne01,FALSE
bbobbito01,FALSE
bbockhbu01,FALSE
bboerwto01,FALSE
bboganke01,TRUE
bbogdabo02,TRUE
bboguemu01,FALSE
bbogutan01,TRUE
bbohanet01,FALSE
bbolma01,FALSE
bbolgebi01,FALSE
bbolstdo01,FALSE
bbonsage01,FALSE
bbondph01,FALSE
bbondwa01,FALSE
bboneyde01,FALSE
bbonharo01,FALSE
bbonnean01,FALSE
bbonnema01,TRUE
bbookebu01,FALSE
bbookeme01,FALSE
bbooketr01,TRUE
bboonejo01,FALSE
bboonero01,FALSE
bboothca01,FALSE
bboothke01,FALSE
bboozebo01,FALSE
bboozeca01,TRUE
bborchcu01,FALSE
bbornhja01,FALSE
bborrela01,FALSE
bborsaik01,FALSE
bborylvi01,FALSE
bboshch01,TRUE
bbostiji01,FALSE
bbostola01,FALSE
bbosweto01,FALSE
bboumtru01,FALSE
bbovendo01,FALSE
bbowdlca01,FALSE
bbowenbr01,FALSE
bbowenry01,FALSE
bbowento01,FALSE
bbowiean01,FALSE
bbowiesa01,FALSE
bbowlior01,FALSE
bbowmair01,FALSE
bbowmana01,FALSE
bboycedo01,FALSE
bboydde01,FALSE
bboydfr01,FALSE
bboydke01,FALSE
bboykiea01,FALSE
bboykoha01,FALSE
bboynewi01,FALSE
bbozemce01,FALSE
bbracest01,FALSE
bbrackcr01,FALSE
bbraddga01,FALSE
bbradlal02,FALSE
bbradlal01,FALSE
bbradlav01,TRUE
bbradlbi02,FALSE
bbradlbi01,FALSE
bbradlch01,FALSE
bbradldu01,FALSE
bbradlji01,FALSE
bbradljo01,FALSE
bbradlmi01,FALSE
bbradlsh01,FALSE
bbradtma01,FALSE
bbraggma01,FALSE
bbraggto01,FALSE
bbramlaj01,FALSE
bbrancad01,FALSE
bbrandel01,TRUE
bbrandte01,FALSE
bbrannbo01,FALSE
bbransbr01,FALSE
bbransje01,FALSE
bbrascji01,FALSE
bbratzmi01,FALSE
bbraunca01,FALSE
bbreauti01,FALSE
bbremejr01,FALSE
bbrennpe01,FALSE
bbrennto01,FALSE
bbreuera01,FALSE
bbreweco01,TRUE
bbreweja01,FALSE
bbreweji01,FALSE
bbrewero01,FALSE
bbrewero02,TRUE
bbrezepr01,FALSE
bbrianfr01,FALSE
bbrickfr01,FALSE
bbridgju01,FALSE
bbridgbi01,FALSE
bbrighal01,FALSE
bbrindau01,FALSE
bbriskjo01,FALSE
bbristal01,FALSE
bbrittty01,FALSE
bbrittwa01,FALSE
bbrittmi01,FALSE
bbrittda01,FALSE
bbrockjo01,FALSE
bbrogaji01,FALSE
bbrokaga01,FALSE
bbrookpr01,FALSE
bbrookcl01,FALSE
bbrookaa01,TRUE
bbrookke01,FALSE
bbrookma01,TRUE
bbrookmi01,FALSE
bbrooksc01,FALSE
bbrownan01,FALSE
bbrownbo01,FALSE
bbrownbo02,FALSE
bbrownch01,FALSE
bbrownda02,FALSE
bbrownda01,FALSE
bbrownde01,FALSE
bbrownde03,FALSE
bbrownde04,FALSE
bbrownde02,FALSE
bbrowner01,FALSE
bbrownfr01,FALSE
bbrownge01,FALSE
bbrownge02,FALSE
bbrownha01,FALSE
bbrownjo01,FALSE
bbrownke01,FALSE
bbrownkw01,TRUE
bbrownla01,FALSE
bbrownle01,FALSE
bbrownle02,FALSE
bbrownlo01,TRUE
bbrownma01,FALSE
bbrownma02,TRUE
bbrownmi01,FALSE
bbrownmy01,FALSE
bbrownpj01,FALSE
bbrownra02,FALSE
bbrownra01,FALSE
bbrownri01,FALSE
bbrownro01,FALSE
bbrownro02,FALSE
bbrownsh01,TRUE
bbrownst01,FALSE
bbrownti01,FALSE
bbrownto01,FALSE
bbrownji01,FALSE
bbrundst01,FALSE
bbrunkbr01,FALSE
bbrunsge01,FALSE
bbrunsri01,FALSE
bbryanem01,FALSE
bbryanjo01,FALSE
bbryanko01,TRUE
bbryanma01,FALSE
bbryanwa01,FALSE
bbrynto01,FALSE
bbuccige01,FALSE
bbuckhjo01,FALSE
bbucknst01,FALSE
bbuckncl01,FALSE
bbuckngr01,FALSE
bbucknqu01,FALSE
bbuddda01,FALSE
bbudinch01,TRUE
bbudkowa01,FALSE
bbuechju01,FALSE
bbuforro01,FALSE
bbullama01,FALSE
bbullore01,TRUE
bbuncela01,FALSE
bbunchgr01,FALSE
bbuntdi01,FALSE
bbuntibi01,FALSE
bbuntibi02,FALSE
bburdeti01,FALSE
bburkepa01,FALSE
bburketr01,TRUE
bburkmro01,FALSE
bburksal01,TRUE
bburksan01,FALSE
bburleke01,FALSE
bburleto01,FALSE
bburmaja01,FALSE
bburnsda01,FALSE
bburnsev01,FALSE
bburnsji01,FALSE
bburresc01,FALSE
bburriar01,FALSE
bburroju01,FALSE
bburrobo01,FALSE
bburtoed01,FALSE
bburtowi01,FALSE
bburttst01,FALSE
bbusedo01,FALSE
bbustida01,FALSE
bbutchdo01,FALSE
bbutleal01,FALSE
bbutleca01,TRUE
bbutlegr01,FALSE
bbutleja01,FALSE
bbutleji01,TRUE
bbutlemi01,FALSE
bbutlemi02,FALSE
bbutlera01,TRUE
bbuyckdw01,TRUE
bbyarsde01,TRUE
bbynuman01,TRUE
bbynumwi01,TRUE
bbyrdwa01,FALSE
bbyrnema01,FALSE
bbyrneto01,FALSE
bbytzumi01,FALSE
ccabarza01,FALSE
ccableba01,FALSE
ccabocbr01,TRUE
ccaffeja01,FALSE
ccagemi01,FALSE
ccalabge01,FALSE
ccalatni01,TRUE
ccaldejo01,TRUE
ccaldwad01,FALSE
ccaldwji01,FALSE
ccaldwjo01,FALSE
ccaldwke01,TRUE
ccalhobi01,FALSE
ccalhoco01,FALSE
ccalipde01,FALSE
ccallato01,FALSE
ccallori01,FALSE
ccalveer01,FALSE
ccalvima01,FALSE
ccambrde01,FALSE
ccambyma01,FALSE
ccampbel01,FALSE
ccampbto01,FALSE
ccanaais01,TRUE
ccannola01,FALSE
ccapelca01,TRUE
ccaracde01,FALSE
ccardfr01,FALSE
ccardibr01,FALSE
ccarlho01,FALSE
ccarlich01,FALSE
ccarlige01,FALSE
ccarliri01,FALSE
ccarlodo01,FALSE
ccarlsal01,FALSE
ccarlsdo01,FALSE
ccarnebo01,FALSE
ccarnero01,TRUE
ccarpebo01,FALSE
ccarran01,FALSE
ccarrau01,FALSE
ccarrch01,FALSE
ccarrco01,FALSE
ccarrke01,FALSE
ccarrml01,FALSE
ccarrida01,FALSE
ccarribo01,FALSE
ccarrode01,TRUE
ccarrojo01,FALSE
ccarroma01,FALSE
ccarruji01,FALSE
ccartean01,FALSE
ccartebu01,FALSE
ccartefr01,FALSE
ccartege01,FALSE
ccarteho01,FALSE
ccarteja01,FALSE
ccartema01,FALSE
ccartere01,FALSE
ccartero01,FALSE
ccartevi01,TRUE
ccartemi01,TRUE
ccartwbi01,FALSE
ccartyja01,FALSE
ccashco01,FALSE
ccashsa01,FALSE
ccassesa01,FALSE
ccasspom01,TRUE
ccatchha01,FALSE
ccatlete01,FALSE
ccatlesi01,FALSE
ccatoke01,FALSE
ccattabo01,FALSE
ccauswdu01,FALSE
ccavenro01,FALSE
ccebalce01,FALSE
ccelesjo01,FALSE
ccervial01,FALSE
cchalmli01,FALSE
cchalmma01,TRUE
cchambbi01,FALSE
cchambwi01,FALSE
cchambje01,FALSE
cchambto01,FALSE
cchampmi01,FALSE
cchandty01,TRUE
cchandwi01,TRUE
cchanedo01,FALSE
cchanejo01,FALSE
cchapmre01,FALSE
cchapmwa01,FALSE
cchapple01,FALSE
ccharlke01,FALSE
ccharllo01,FALSE
ccheanca01,FALSE
ccheekma01,FALSE
ccheniph01,FALSE
ccherrwi01,TRUE
cchievde01,FALSE
cchilcpe01,FALSE
cchildjo01,TRUE
cchildra01,FALSE
cchildch01,FALSE
cchollle01,FALSE
cchoneji01,FALSE
cchrisfr01,FALSE
cchrisca01,FALSE
cchrisbo01,FALSE
cchrisdo01,FALSE
cchrisdi01,TRUE
cchrispa01,TRUE
cchubist01,FALSE
cchurcro01,FALSE
cclarkar01,FALSE
cclarkca01,FALSE
cclarkea01,TRUE
cclarkia01,TRUE
cclarkke01,FALSE
cclarkri01,FALSE
cclarkjo01,TRUE
cclavevi01,TRUE
cclawsjo01,FALSE
cclaxtch01,FALSE
cclaxtsp01,FALSE
ccleamji01,FALSE
ccleavma01,FALSE
cclemeba01,FALSE
ccliftna01,FALSE
cclossbi01,FALSE
cclosske01,FALSE
ccloydpa01,FALSE
ccluggbo01,FALSE
cclydebe01,FALSE
ccofferi01,FALSE
ccofiefr01,FALSE
ccokerjo01,FALSE
ccoleno01,TRUE
ccolembe01,FALSE
ccolemde01,FALSE
ccolemec01,FALSE
ccolemja01,FALSE
ccolemno01,FALSE
ccolesbi01,FALSE
ccollija02,FALSE
ccolliar01,FALSE
ccollido02,FALSE
ccollido01,FALSE
ccollija01,FALSE
ccollija03,FALSE
ccollija04,FALSE
ccolliji01,FALSE
ccollima01,FALSE
ccollish01,FALSE
ccollida01,TRUE
ccollini01,TRUE
ccolonjo01,FALSE
ccolsose01,FALSE
ccoltest01,FALSE
ccombsgl01,FALSE
ccombsle01,FALSE
ccomeajo01,FALSE
ccomegda01,FALSE
ccomlela01,FALSE
ccongdje01,FALSE
cconlege01,FALSE
cconlela01,FALSE
cconlemi01,TRUE
cconlied01,FALSE
cconloma01,FALSE
cconneji01,FALSE
cconnele01,FALSE
cconnoch01,FALSE
cconrowi01,FALSE
ccookan01,FALSE
ccookbe01,FALSE
ccookbo01,FALSE
ccookbr01,TRUE
ccookda02,TRUE
ccookda01,FALSE
ccookje01,FALSE
ccookno01,FALSE
ccookom01,FALSE
ccookeda01,FALSE
ccookejo01,FALSE
ccoopech01,FALSE
ccoopedu01,FALSE
ccoopejo01,FALSE
ccoopemi01,FALSE
ccoopewa01,FALSE
ccopato01,FALSE
ccopelch01,TRUE
ccopelho01,FALSE
ccopella01,FALSE
ccorbity01,FALSE
ccorchch01,FALSE
ccorleke01,FALSE
ccorlera01,FALSE
ccorzida01,FALSE
ccostela01,FALSE
ccottoja01,FALSE
ccottoja02,FALSE
ccoughjo01,FALSE
ccountme01,FALSE
ccourtst01,FALSE
ccourtjo01,FALSE
ccousima01,TRUE
ccouside01,TRUE
ccousybo01,FALSE
ccovinro01,TRUE
ccowenda01,FALSE
ccoxch01,FALSE
ccoxjo01,FALSE
ccoxwe01,FALSE
ccrabbal01,TRUE
ccrawfch01,FALSE
ccrawffr01,FALSE
ccrawfja01,TRUE
ccrawfjo01,FALSE
ccrawfjo02,TRUE
ccreigji01,FALSE
ccreviro01,FALSE
ccrislha01,FALSE
ccrispjo01,FALSE
ccrissch01,FALSE
ccritcru01,FALSE
ccritewi01,FALSE
ccrittja01,FALSE
ccrockdi01,FALSE
ccroftbo01,FALSE
ccrompge01,FALSE
ccrosbte01,FALSE
ccroshau01,FALSE
ccrossje01,FALSE
ccrosspe01,FALSE
ccrossru01,FALSE
ccrossch01,FALSE
ccrottjo01,FALSE
ccrowbi01,FALSE
ccrowma01,FALSE
ccrowdco01,FALSE
ccrowdja01,TRUE
ccuetoal01,FALSE
ccummipa01,FALSE
ccummite01,FALSE
ccummivo01,FALSE
ccunnibi01,FALSE
ccunnida01,TRUE
ccunnidi01,FALSE
ccunnija01,TRUE
ccunniwi01,FALSE
ccurcira01,FALSE
ccurear01,FALSE
ccuretea01,FALSE
ccurlebi01,FALSE
ccurrafr01,FALSE
ccurryde01,FALSE
ccurryed01,FALSE
ccurryja01,FALSE
ccurrymi01,FALSE
ccurryse01,TRUE
ccurryst01,TRUE
ccvetkra01,FALSE
ddantomi01,FALSE
ddabicmi01,FALSE
ddahleed01,FALSE
ddailequ01,FALSE
ddalemsa01,TRUE
ddallmho01,FALSE
ddampier01,FALSE
ddampilo01,FALSE
ddandrbo01,FALSE
ddaniean01,FALSE
ddanieer01,FALSE
ddaniell01,FALSE
ddaniema01,TRUE
ddanieme01,FALSE
ddanietr01,TRUE
ddanilsa01,FALSE
ddantlad01,FALSE
ddarcepe01,FALSE
ddardeji01,FALSE
ddardeol01,FALSE
ddareyi01,FALSE
ddarkje01,FALSE
ddarneri01,FALSE
ddarroji01,FALSE
ddatomlu01,TRUE
ddaughbr01,FALSE
ddaughma01,FALSE
ddavidko01,FALSE
ddavidje01,FALSE
ddaviebo01,FALSE
ddaviebr01,TRUE
ddavisan02,TRUE
ddavisan01,FALSE
ddavisau01,FALSE
ddavisba01,FALSE
ddavisbe01,FALSE
ddavisbi01,FALSE
ddavisbo01,FALSE
ddavisbr01,FALSE
ddavisbr02,FALSE
ddavisch02,FALSE
ddavisch01,FALSE
ddavisda01,FALSE
ddavisdw01,FALSE
ddavised01,TRUE
ddavisem01,FALSE
ddavisgl01,TRUE
ddavisha01,FALSE
ddavishu01,FALSE
ddavisji01,FALSE
ddavisjo01,FALSE
ddavisjo02,FALSE
ddavisle01,FALSE
ddavisma01,FALSE
ddavisma02,FALSE
ddavisme01,FALSE
ddavismi02,FALSE
ddavismi01,FALSE
ddavismi03,FALSE
ddavismo01,FALSE
ddavispa01,FALSE
ddavisra01,FALSE
ddavisre01,FALSE
ddavisri01,FALSE
ddavisro01,FALSE
ddaviste01,FALSE
ddaviswa01,FALSE
ddaviswa03,FALSE
ddaviswa02,FALSE
ddaviswi01,FALSE
ddawkian01,TRUE
ddawkida01,FALSE
ddawkijo01,FALSE
ddawkipa01,FALSE
ddawsoer01,TRUE
ddawsoji01,FALSE
ddawsoto01,FALSE
ddayto01,FALSE
ddayeau01,TRUE
ddayeda01,FALSE
ddecolna01,TRUE
ddeanegr01,FALSE
ddeangbi01,FALSE
ddebusda01,FALSE
ddeclean01,FALSE
ddedmode01,TRUE
ddeedo01,FALSE
ddeesar01,FALSE
ddeherte01,FALSE
ddehnere01,FALSE
ddelnevi01,FALSE
ddelebi01,FALSE
ddelfica01,TRUE
ddelkto01,FALSE
ddellama01,TRUE
ddelonna01,FALSE
ddembofe01,FALSE
ddemicla01,FALSE
ddempsde01,FALSE
ddempsge01,FALSE
ddenglu01,TRUE
ddennake01,FALSE
ddennibl01,FALSE
ddentmju01,FALSE
ddentora01,FALSE
ddeprejo01,FALSE
dderliro01,FALSE
dderozde01,TRUE
ddeutsda01,FALSE
ddevlico01,FALSE
ddezonha01,FALSE
ddialde01,FALSE
ddiawbo01,TRUE
ddiawaya01,FALSE
ddiazgu01,FALSE
ddickada01,FALSE
ddickeka01,FALSE
ddickehe01,FALSE
ddickemi01,FALSE
ddickecl01,FALSE
ddickede01,FALSE
ddickedi01,FALSE
ddicksjo01,FALSE
ddienetr01,FALSE
ddienggo01,TRUE
ddierkco01,FALSE
ddietrco01,FALSE
ddigreer01,FALSE
ddillcr01,FALSE
ddilladu01,FALSE
ddillami01,FALSE
ddillebo01,FALSE
ddilloho01,FALSE
ddinkiby01,FALSE
ddinkija01,FALSE
ddinneha01,FALSE
ddinwibi01,FALSE
ddinwisp01,TRUE
ddioguik01,TRUE
ddiopde01,TRUE
ddischte01,FALSE
ddiutefr01,FALSE
ddivacvl01,FALSE
ddixonju01,FALSE
ddjordal01,FALSE
ddoddea01,FALSE
ddoleami01,FALSE
ddolhojo01,FALSE
ddollbo01,FALSE
ddonalja01,FALSE
ddonhabo01,FALSE
ddonovbi01,FALSE
ddonovha01,FALSE
ddoolike01,TRUE
ddorseja01,FALSE
ddorsejo01,TRUE
ddorsero01,FALSE
ddoubyqu01,FALSE
ddouglbr01,FALSE
ddougljo01,FALSE
ddouglle01,FALSE
ddouglsh01,FALSE
ddouglto01,TRUE
ddouglch01,TRUE
ddoveso01,FALSE
ddoverje01,FALSE
ddowdeza01,FALSE
ddownebi01,FALSE
ddownist01,FALSE
ddoyleda01,FALSE
ddoziete01,FALSE
ddragigo01,TRUE
ddragizo01,TRUE
ddreilgr01,FALSE
ddrewbr01,FALSE
ddrewjo01,FALSE
ddrewla01,FALSE
ddrewla02,TRUE
ddrexlcl01,FALSE
ddriggna01,FALSE
ddriscte01,FALSE
ddrobnpr01,FALSE
ddrollra01,FALSE
ddrumman01,TRUE
dduckedi01,FALSE
dduckwke01,FALSE
ddudlech01,FALSE
ddudlech02,FALSE
ddudleja01,TRUE
dduerote01,FALSE
dduffybo01,FALSE
dduffybo02,FALSE
dduhonch01,FALSE
ddukeswa01,FALSE
ddumarjo01,FALSE
ddumasri01,FALSE
ddumasri02,FALSE
ddumasto01,FALSE
dduncaan01,FALSE
dduncati01,TRUE
ddunlemi01,FALSE
ddunlemi02,TRUE
ddunnpa01,FALSE
ddunntr01,FALSE
dduprero01,FALSE
dduranke01,TRUE
ddurenjo01,FALSE
ddurhaja01,FALSE
ddurhapa01,FALSE
ddurrade01,FALSE
ddurreke01,FALSE
dduvalde01,FALSE
ddwanja01,FALSE
ddykemcr01,FALSE
ddykerge01,FALSE
ddysonje01,FALSE
eeacklle01,FALSE
eeakinji01,FALSE
eearlac01,FALSE
eearleed01,FALSE
eearlycl01,TRUE
eearlype01,FALSE
eeatonma01,FALSE
eeavesje01,FALSE
eebankde01,TRUE
eebbenbi01,FALSE
eeberhal01,FALSE
eebind01,FALSE
eebronro01,FALSE
eeddiepa01,FALSE
eeddledi01,FALSE
eedelike01,FALSE
eedgech01,FALSE
eedmonbo01,FALSE
eedmonke01,FALSE
eedneyty01,FALSE
eedwarbi01,FALSE
eedwarbl01,FALSE
eedwarco01,FALSE
eedwardo01,FALSE
eedwarfr01,FALSE
eedwarja01,FALSE
eedwarja02,FALSE
eedwarjo01,FALSE
eedwarke01,FALSE
eedwarsh01,TRUE
eeganjo01,FALSE
eegglelo01,FALSE
eehlerbu01,FALSE
eehlocr01,FALSE
eeichhdi01,FALSE
eeisleho01,FALSE
eekeziob01,FALSE
eelamikh01,FALSE
eeliasdo01,FALSE
eeliema01,FALSE
eellefra01,FALSE
eellinwa01,TRUE
eelliobo01,FALSE
eelliose01,FALSE
eellisbo02,FALSE
eellisbo01,FALSE
eellisda01,FALSE
eellisha01,FALSE
eellisjo01,FALSE
eellisla01,FALSE
eellisle02,FALSE
eellisle01,FALSE
eellismo01,TRUE
eellispe01,FALSE
eelmorle01,FALSE
eelsonfr01,FALSE
eelstoda01,FALSE
eelyme01,TRUE
eembrywa01,FALSE
eemmetan01,FALSE
eendrene01,FALSE
eenglech01,FALSE
eenglewa01,FALSE
eengliaj01,FALSE
eenglial01,FALSE
eenglicl01,FALSE
eenglijo01,FALSE
eengliki01,TRUE
eenglisc01,FALSE
eengluge01,FALSE
eennisja01,TRUE
eennisty01,TRUE
eeppsra01,FALSE
eerdense01,FALSE
eeriasbo01,FALSE
eerickke01,FALSE
eervinju01,FALSE
eeschmev01,FALSE
eeskrija01,FALSE
eesposvi01,FALSE
eevansbi01,FALSE
eevansbo01,FALSE
eevansbr01,FALSE
eevansea01,FALSE
eevansje01,TRUE
eevansma01,FALSE
eevansmi01,FALSE
eevansre01,TRUE
eevansty01,TRUE
eewingda01,FALSE
eewingpa01,FALSE
eewingpa02,FALSE
eexumda01,TRUE
eeyengch01,FALSE
eezelife01,TRUE
eezersjo01,FALSE
ffabeljo01,FALSE
ffaircjo01,FALSE
ffarbmph01,FALSE
ffarieke01,TRUE
ffarledi01,FALSE
ffarmajo01,TRUE
ffarmede01,FALSE
ffarmeji01,FALSE
ffarmemi01,FALSE
ffarmeto01,FALSE
ffaughbo01,FALSE
ffavervi01,TRUE
ffavorde01,TRUE
ffazekni01,FALSE
ffedorda01,FALSE
ffeeribo01,FALSE
ffeherbu01,FALSE
ffeickja01,FALSE
ffeierro01,FALSE
ffeigege01,FALSE
ffeitlda01,FALSE
ffelixca01,TRUE
ffelixno01,FALSE
ffelixra01,FALSE
ffeltora01,TRUE
ffendlja01,FALSE
ffenlewa01,FALSE
ffergude01,FALSE
ffernaru01,FALSE
ffernser01,FALSE
fferraal01,FALSE
fferrero01,FALSE
fferredu01,FALSE
fferriar01,FALSE
fferrybo01,FALSE
fferryda01,FALSE
ffesenky01,TRUE
ffieldbo01,FALSE
ffieldke01,FALSE
ffieldla01,TRUE
ffilipro01,FALSE
ffillmgr01,FALSE
ffinchla01,FALSE
ffinkeha01,FALSE
ffinlemi01,FALSE
ffinnda01,FALSE
ffishma01,FALSE
ffishede01,FALSE
ffisheri01,FALSE
ffitchge01,FALSE
ffitzgbo01,FALSE
ffitzgdi01,FALSE
ffizerma01,FALSE
ffleisje01,FALSE
fflemial01,FALSE
fflemied01,FALSE
fflemive01,FALSE
fflorelu01,FALSE
fflowebr01,FALSE
ffloydsl01,FALSE
fflynnjo01,FALSE
fflynnmi01,FALSE
ffoglela01,FALSE
ffoleyja01,FALSE
ffontais01,FALSE
ffontale01,FALSE
ffooteje01,FALSE
fforbega01,TRUE
ffordal01,FALSE
ffordal02,FALSE
ffordbo01,FALSE
ffordch01,FALSE
fforddo01,FALSE
ffordja01,FALSE
ffordph01,FALSE
ffordsh02,FALSE
ffordsh01,FALSE
ffordtj01,FALSE
fformado01,FALSE
fforreba01,FALSE
ffortejo01,FALSE
ffortsco01,FALSE
ffortsda01,FALSE
ffostefr01,FALSE
ffostegr01,FALSE
ffosteja01,FALSE
ffosteje01,FALSE
ffostero01,FALSE
ffotsian01,FALSE
ffournev01,TRUE
ffoustla01,FALSE
ffowleca01,FALSE
ffowleje01,FALSE
ffowlktr01,FALSE
ffoxha01,FALSE
ffoxji01,FALSE
ffoxri01,FALSE
ffoyera01,TRUE
ffoylead01,FALSE
ffrahmri01,FALSE
ffrancst01,FALSE
ffrankte01,FALSE
ffrankna01,FALSE
ffrankja01,TRUE
ffrankwi01,FALSE
ffranzro01,FALSE
ffraziwa01,FALSE
ffraziwi01,FALSE
ffredean01,FALSE
ffredeji01,TRUE
ffreewo01,FALSE
ffreeljo01,TRUE
ffreemdo01,FALSE
ffreemga01,FALSE
ffreemro01,FALSE
ffreijma01,FALSE
ffreyfr01,FALSE
ffrienla01,FALSE
ffrinkpa01,FALSE
ffritsji01,FALSE
ffryech01,TRUE
ffryerbe01,FALSE
ffucarfr01,FALSE
ffuetshe01,FALSE
ffulksjo01,FALSE
ffulleca01,FALSE
ffullehi01,FALSE
ffulleto02,FALSE
ffulleto01,FALSE
ffundela01,FALSE
ffurlote01,FALSE
ggaborbi01,FALSE
ggadzuda01,TRUE
ggaide01,FALSE
ggaineel01,FALSE
ggainebi01,FALSE
ggaineco01,FALSE
ggaineda01,FALSE
ggainere01,FALSE
ggainesu01,FALSE
ggalemi01,FALSE
ggallach01,FALSE
ggallaha01,FALSE
ggallida01,TRUE
ggallola01,TRUE
ggambeda01,FALSE
ggamblke01,FALSE
gganttbo01,FALSE
ggarbajo01,FALSE
ggarceru01,FALSE
ggarcial01,FALSE
ggarcifr01,TRUE
ggardnch01,FALSE
ggardnea01,FALSE
ggardnke01,FALSE
ggardnth01,FALSE
ggardnve01,FALSE
ggarfija01,FALSE
ggarlaga01,FALSE
ggarlawi01,FALSE
ggarmadi01,FALSE
ggarnebi01,FALSE
ggarnech01,FALSE
ggarnebi02,FALSE
ggarneke01,TRUE
ggarnema01,FALSE
ggarreca01,FALSE
ggarrede01,FALSE
ggarredi02,TRUE
ggarredi01,FALSE
ggarrero01,FALSE
ggarrito01,FALSE
ggarrijo01,FALSE
ggarriki01,FALSE
ggarripa01,FALSE
ggarviji01,FALSE
ggasolma01,TRUE
ggasolpa01,TRUE
ggatesfr01,FALSE
ggatlich01,FALSE
ggattike01,FALSE
ggayru01,TRUE
ggaydaed01,FALSE
ggazean01,FALSE
ggearyre01,FALSE
ggeeal01,TRUE
ggeigema01,FALSE
ggelabmi01,TRUE
ggeorgde01,FALSE
ggeorgja01,FALSE
ggeorgpa01,TRUE
ggeorgta01,FALSE
ggerargu01,FALSE
ggervide01,FALSE
ggervige01,FALSE
ggetchgo01,FALSE
ggianejo01,FALSE
ggibbsdi01,FALSE
ggibsoda01,TRUE
ggibsode01,FALSE
ggibsoho01,FALSE
ggibsome01,FALSE
ggibsomi01,FALSE
ggibsota01,TRUE
ggiddejr01,FALSE
ggildetr01,FALSE
ggilled01,FALSE
ggillke01,FALSE
ggillebe01,FALSE
ggilleja01,FALSE
ggillege01,FALSE
ggilliar01,FALSE
ggillihe01,FALSE
ggilmoar01,FALSE
ggilmowa01,FALSE
ggilmuch01,FALSE
gginobma01,TRUE
ggiricgo01,FALSE
ggivenja01,FALSE
ggladnmi01,TRUE
gglamage01,FALSE
gglassge01,FALSE
gglennmi01,FALSE
gglickno01,FALSE
ggloucge01,FALSE
gglovecl01,FALSE
gglovedi01,FALSE
gglynian01,FALSE
ggminsmi01,FALSE
ggoberru01,TRUE
ggodfrda01,FALSE
ggolato01,FALSE
ggoldfbe01,FALSE
ggoldwan01,FALSE
ggomesry01,TRUE
ggondrgl01,FALSE
ggondrgr01,FALSE
ggoodedr01,TRUE
ggoodrga01,FALSE
ggoodrst01,FALSE
ggoodwar01,TRUE
ggoodwpo01,FALSE
ggordoaa01,TRUE
ggordobe01,TRUE
ggordodr01,TRUE
ggordoer01,TRUE
ggordola01,FALSE
ggordopa01,FALSE
ggortama01,TRUE
ggottlle01,FALSE
ggoudean01,TRUE
ggovange01,FALSE
ggovedba01,FALSE
ggrabojo01,FALSE
ggraceri01,FALSE
ggrahaca01,FALSE
ggrahagr01,FALSE
ggrahajo01,FALSE
ggrahama01,FALSE
ggrahaor01,FALSE
ggrahapa01,FALSE
ggrahast01,TRUE
ggrandji01,FALSE
ggrandro01,FALSE
ggrangda01,TRUE
ggrangst01,FALSE
ggrantbr01,FALSE
ggrantbu01,FALSE
ggrantga01,FALSE
ggrantgr01,FALSE
ggrantha01,FALSE
ggrantho01,FALSE
ggrantje01,TRUE
ggrantjo01,FALSE
ggrantpa01,FALSE
ggranttr01,FALSE
ggratedo01,FALSE
ggravebu01,FALSE
ggrayaa01,TRUE
ggrayde01,FALSE
ggrayed01,FALSE
ggrayev01,FALSE
ggrayga01,FALSE
ggrayle01,FALSE
ggrayst01,FALSE
ggraysy01,FALSE
ggraywy01,FALSE
ggrayeje01,FALSE
ggreacbo01,FALSE
ggreenac01,FALSE
ggreenda02,TRUE
ggreende01,FALSE
ggreendr01,TRUE
ggreener01,TRUE
ggreenge01,TRUE
ggreenja01,TRUE
ggreenje02,TRUE
ggreenjo01,FALSE
ggreenke01,FALSE
ggreenke02,FALSE
ggreenla01,FALSE
ggreenli01,FALSE
ggreenlu01,FALSE
ggreenmi01,FALSE
ggreenri01,FALSE
ggreense01,FALSE
ggreensi01,FALSE
ggreensi02,FALSE
ggreenst01,FALSE
ggreenta01,FALSE
ggreento01,FALSE
ggreenwi01,TRUE
ggreendo01,TRUE
ggreenor01,FALSE
ggreenje01,FALSE
ggreenda01,FALSE
ggreerha01,FALSE
ggreerly01,FALSE
ggregoga01,FALSE
ggregocl01,FALSE
ggreigjo01,FALSE
ggrekino01,FALSE
ggreveke01,FALSE
ggreyde01,FALSE
ggriffad01,FALSE
ggriffbl01,TRUE
ggriffed01,FALSE
ggriffgr01,FALSE
ggriffpa01,FALSE
ggriffta01,FALSE
ggriffda01,FALSE
ggrigsch01,FALSE
ggrimmde01,FALSE
ggrimswo01,FALSE
ggroatdi01,FALSE
ggrossbo01,FALSE
ggrossmi01,FALSE
ggroteje01,FALSE
ggrozaal01,FALSE
ggrubadi01,FALSE
ggrundan01,FALSE
ggrunfer01,FALSE
gguarige01,FALSE
ggudmupe01,FALSE
ggueriri01,FALSE
gguglito01,FALSE
gguibean01,FALSE
gguidija01,FALSE
ggunthco01,FALSE
ggunthda01,FALSE
gguokaal01,FALSE
gguokama01,FALSE
gguokama02,FALSE
ggutiejo01,TRUE
gguytoaj01,FALSE
hhackeru01,FALSE
hhaddaha01,FALSE
hhadnoji01,FALSE
hhaffnsc01,FALSE
hhagancl01,FALSE
hhagangl01,FALSE
hhaganto01,FALSE
hhahnro01,FALSE
hhairsal01,FALSE
hhairsha01,FALSE
hhairsli01,FALSE
hhairsma01,FALSE
hhairspj02,TRUE
hhaislma01,FALSE
hhalbech01,FALSE
hhalbrsw01,FALSE
hhalebr01,FALSE
hhaleha01,FALSE
hhaleyja01,FALSE
hhalimsh01,FALSE
hhallmi01,FALSE
hhallije01,FALSE
hhamda01,FALSE
hhamerst01,FALSE
hhamilda01,FALSE
hhamilde01,FALSE
hhamiljo01,FALSE
hhamiljo02,TRUE
hhamilju01,TRUE
hhamilra01,FALSE
hhamilri01,TRUE
hhamilro01,FALSE
hhamilst01,FALSE
hhamilta01,FALSE
hhamilth01,FALSE
hhamilze01,FALSE
hhammige01,FALSE
hhammoju01,FALSE
hhammoto01,FALSE
hhamoojo01,FALSE
hhancoda01,FALSE
hhandlbe01,FALSE
hhankice01,FALSE
hhankiph01,FALSE
hhannual01,FALSE
hhanrado01,FALSE
hhansro01,FALSE
hhansbbe01,TRUE
hhansbty01,TRUE
hhansebo01,FALSE
hhansegl01,FALSE
hhansela01,FALSE
hhansetr01,FALSE
hhansore01,FALSE
hhanzlbi01,FALSE
hharanlu01,FALSE
hhardaan01,FALSE
hhardati01,FALSE
hhardati02,TRUE
hhardeja01,TRUE
hhardire01,FALSE
hhardnch01,FALSE
hhardyal01,FALSE
hhardyda01,FALSE
hhardyja01,FALSE
hhargeir01,FALSE
hhargijo01,FALSE
hharklma01,TRUE
hharknje01,FALSE
hharlisk01,FALSE
hharmoje01,FALSE
hharpede01,FALSE
hharpeju01,FALSE
hharpemi01,FALSE
hharpero01,FALSE
hharprma01,FALSE
hharrejo01,TRUE
hharriad01,FALSE
hharrial01,TRUE
hharriju01,FALSE
hharriot01,FALSE
hharriar01,FALSE
hharribe01,FALSE
hharribi01,FALSE
hharribo01,FALSE
hharrich01,FALSE
hharride01,TRUE
hharriel01,TRUE
hharriga01,TRUE
hharrijo01,TRUE
hharrilu01,FALSE
hharrima01,TRUE
hharrimi01,TRUE
hharrist01,FALSE
hharrite01,TRUE
hharrito02,TRUE
hharrito01,FALSE
hharribo02,FALSE
hharrida01,FALSE
hhartja01,FALSE
hharvean01,FALSE
hharvedo01,FALSE
hhaskisc01,FALSE
hhaskicl01,FALSE
hhasleud01,TRUE
hhassetr01,FALSE
hhassebi01,FALSE
hhassejo01,FALSE
hhastisc01,FALSE
hhastoki01,FALSE
hhattove01,FALSE
hhavlijo01,FALSE
hhawessp01,TRUE
hhawesst01,FALSE
hhawkico01,FALSE
hhawkihe01,FALSE
hhawkiju01,FALSE
hhawkima01,FALSE
hhawkimi01,FALSE
hhawkiro01,FALSE
hhawkito01,FALSE
hhawthna01,FALSE
hhayesch01,TRUE
hhayesel01,FALSE
hhayesja01,FALSE
hhayesji01,FALSE
hhayesst01,FALSE
hhaywago01,TRUE
hhaywala01,TRUE
hhaywobr01,TRUE
hhaywosp01,FALSE
hhazenjo01,FALSE
hheadlu01,FALSE
hhealsh01,FALSE
hheanebr01,FALSE
hheardga01,FALSE
hheddehe01,FALSE
hheggsal01,FALSE
hheinsto01,FALSE
hhemridi01,FALSE
hhendeal01,FALSE
hhendece01,FALSE
hhendece02,FALSE
hhendeda01,FALSE
hhendege01,FALSE
hhendege02,TRUE
hhendejr01,FALSE
hhendeje01,FALSE
hhendeke01,FALSE
hhendeto01,FALSE
hhendrma01,FALSE
hhennela01,FALSE
hhenrido01,FALSE
hhenryal01,FALSE
hhenrybi01,FALSE
hhenryca01,FALSE
hhenryco01,FALSE
hhenrysk01,FALSE
hhenryxa01,TRUE
hhensojo01,TRUE
hhensost01,FALSE
hhentzch01,FALSE
hhermabi01,FALSE
hhermskl01,FALSE
hherrech01,FALSE
hherreca01,FALSE
hherrmwa01,FALSE
hherroke01,FALSE
hhertzso01,FALSE
hhesteda01,FALSE
hhetzefr01,FALSE
hhewitbi01,FALSE
hhewsoja01,FALSE
hheymaar01,FALSE
hhibbero01,TRUE
hhickena01,FALSE
hhicksph01,FALSE
hhicksjj01,TRUE
hhiggibi01,FALSE
hhiggico01,FALSE
hhiggiea01,FALSE
hhiggimi01,FALSE
hhiggiro01,FALSE
hhiggise01,FALSE
hhiggske01,FALSE
hhighjo01,FALSE
hhightwa01,FALSE
hhilarne01,TRUE
hhillar01,FALSE
hhillcl01,FALSE
hhillga01,FALSE
hhillge01,TRUE
hhillgr01,FALSE
hhilljo01,TRUE
hhillsi01,FALSE
hhillso01,TRUE
hhillst01,FALSE
hhillty01,FALSE
hhillhar01,FALSE
hhillmda01,FALSE
hhiltofr01,FALSE
hhinriki01,TRUE
hhinsoro01,FALSE
hhirscme01,FALSE
hhitchle01,FALSE
hhitero01,FALSE
hhobsoda01,FALSE
hhodgedo01,FALSE
hhodgeju01,FALSE
hhodgecr01,FALSE
hhoefech01,FALSE
hhoffmpa01,FALSE
hhogsebo01,FALSE
hhoguedu01,FALSE
hhoibefr01,FALSE
hholcodo01,FALSE
hholcora01,FALSE
hholidjr01,TRUE
hholidju01,TRUE
hhollabr01,FALSE
hhollajo01,FALSE
hhollawi01,FALSE
hhollili01,FALSE
hholliry01,TRUE
hhollies01,FALSE
hholmade01,FALSE
hholstji01,FALSE
hholtaw01,FALSE
hholtomi01,FALSE
hholubdi01,FALSE
hholupjo01,FALSE
hholzmre01,FALSE
hhoneyje01,FALSE
hhoneyty01,FALSE
hhoodde01,FALSE
hhoodro01,TRUE
hhoopebo01,FALSE
hhooseca01,FALSE
hhooveto01,FALSE
hhopkibo01,FALSE
hhoppeda01,FALSE
hhopsode01,FALSE
hhopsosc01,TRUE
hhoranjo01,FALSE
hhordgce01,FALSE
hhorfoal01,TRUE
hhorfoti01,FALSE
hhornro01,FALSE
hhornaje01,FALSE
hhornede01,FALSE
hhorryro01,FALSE
hhortoed01,FALSE
hhoskebi01,FALSE
hhoubrbo01,FALSE
hhouseed01,FALSE
hhoustal01,FALSE
hhoustby01,FALSE
hhovasto01,FALSE
hhowarbr01,FALSE
hhowardw01,TRUE
hhowargr01,FALSE
hhowarjo01,TRUE
hhowarju01,FALSE
hhowarmo01,FALSE
hhowarot01,FALSE
hhowarst01,FALSE
hhowelba01,FALSE
hhubbabo01,FALSE
hhubbaph01,FALSE
hhudsole01,TRUE
hhudsolo01,FALSE
hhudsotr01,FALSE
hhuffmna01,FALSE
hhugheri01,FALSE
hhugheed01,FALSE
hhugheki01,FALSE
hhughela01,FALSE
hhugheri02,FALSE
hhummero01,TRUE
hhummejo01,FALSE
hhumphry01,FALSE
hhumphja01,FALSE
hhumphkr01,TRUE
hhundlho01,FALSE
hhuntebr01,FALSE
hhuntece01,FALSE
hhuntech01,FALSE
hhuntele01,FALSE
hhunteli01,FALSE
hhunteot01,FALSE
hhuntest01,FALSE
hhurlebo01,FALSE
hhurlero01,FALSE
hhustoge01,FALSE
hhustopa01,FALSE
hhutchme01,FALSE
hhuttojo01,FALSE
hhydergr01,FALSE
iiavarma01,FALSE
iibakase01,TRUE
iiguodan01,TRUE
iilgauzy01,FALSE
iilicmi01,FALSE
imbengdj01,TRUE
iilyaser01,TRUE
iimhofda01,FALSE
iingelto01,FALSE
iinglejo01,TRUE
iingramc01,FALSE
iinniger01,FALSE
iirvinby01,FALSE
iirvinge01,FALSE
iirvinky01,TRUE
iisselda01,FALSE
iiuzzomi01,FALSE
iiversal01,FALSE
iiverswi01,FALSE
iiveyro01,TRUE
iivoryel01,FALSE
jjabalwa01,FALSE
jjackja01,TRUE
jjacksal01,FALSE
jjacksbo01,FALSE
jjacksce01,FALSE
jjacksda01,TRUE
jjacksgr01,FALSE
jjacksja01,FALSE
jjacksje01,FALSE
jjacksji01,FALSE
jjackslu01,FALSE
jjackslu02,FALSE
jjacksma02,FALSE
jjacksma01,FALSE
jjacksme01,FALSE
jjacksmi02,FALSE
jjacksmi01,FALSE
jjacksmy01,FALSE
jjacksph01,FALSE
jjacksra01,FALSE
jjacksra02,FALSE
jjacksre01,TRUE
jjacksst01,FALSE
jjacksst02,TRUE
jjacksto01,FALSE
jjacksto02,FALSE
jjackstr01,FALSE
jjackswa01,FALSE
jjacobfr01,FALSE
jjacobca01,FALSE
jjacobsa01,FALSE
jjamerda01,FALSE
jjamesaa01,FALSE
jjamesbe01,TRUE
jjamesbi01,FALSE
jjamesda01,TRUE
jjamesge01,FALSE
jjameshe01,FALSE
jjamesje01,FALSE
jjamesle01,TRUE
jjamesmi01,TRUE
jjamesti01,FALSE
jjamisan01,TRUE
jjamisha01,FALSE
jjanisjo01,FALSE
jjanotho01,FALSE
jjaricma01,TRUE
jjarosto01,FALSE
jjarviji01,FALSE
jjasiksa01,FALSE
jjawaina01,FALSE
jjeannbu01,FALSE
jjeelaab01,FALSE
jjeffech01,FALSE
jjeffeot01,TRUE
jjeffeal01,TRUE
jjeffeco01,TRUE
jjeffedo01,FALSE
jjefferi01,TRUE
jjeffrja01,TRUE
jjenkich01,TRUE
jjenkiho01,FALSE
jjenkijo01,TRUE
jjennibr01,TRUE
jjennike01,FALSE
jjentch01,FALSE
jjepsele01,FALSE
jjerebjo01,TRUE
jjerregr01,TRUE
jjetereu01,FALSE
jjeterha01,FALSE
jjianlyi01,FALSE
jjohnsbr01,FALSE
jjohnsal01,FALSE
jjohnsam01,TRUE
jjohnsan01,FALSE
jjohnsan02,FALSE
jjohnsar02,FALSE
jjohnsar01,FALSE
jjohnsav01,FALSE
jjohnsbu01,FALSE
jjohnsca01,FALSE
jjohnsch01,FALSE
jjohnsch02,FALSE
jjohnsch03,TRUE
jjohnsch04,TRUE
jjohnscl02,FALSE
jjohnscl01,FALSE
jjohnsda02,FALSE
jjohnsda01,FALSE
jjohnsde02,FALSE
jjohnsde01,FALSE
jjohnsde03,FALSE
jjohnsed01,FALSE
jjohnsed02,FALSE
jjohnsed03,FALSE
jjohnser01,FALSE
jjohnser02,FALSE
jjohnsfr01,FALSE
jjohnsge01,FALSE
jjohnsge02,FALSE
jjohnsge03,FALSE
jjohnsgu01,FALSE
jjohnsha01,FALSE
jjohnsiv01,TRUE
jjohnsja02,FALSE
jjohnsja01,TRUE
jjohnsjo02,TRUE
jjohnsjo01,FALSE
jjohnska01,FALSE
jjohnske01,FALSE
jjohnske03,FALSE
jjohnske02,FALSE
jjohnsla01,FALSE
jjohnsla02,FALSE
jjohnsle01,FALSE
jjohnsli01,FALSE
jjohnsma02,FALSE
jjohnsma01,FALSE
jjohnsmi01,FALSE
jjohnsne02,FALSE
jjohnsni01,TRUE
jjohnsol01,FALSE
jjohnsor01,TRUE
jjohnsra01,FALSE
jjohnsre01,FALSE
jjohnsri01,FALSE
jjohnsro01,FALSE
jjohnsst02,FALSE
jjohnsst03,FALSE
jjohnsst01,FALSE
jjohnstr01,TRUE
jjohnsty01,TRUE
jjohnsvi01,FALSE
jjohnswe01,TRUE
jjohnsda03,TRUE
jjohnsna01,FALSE
jjohnsne01,FALSE
jjohnsji01,FALSE
jjolifho01,FALSE
jjonesal01,FALSE
jjonesan01,FALSE
jjonesas01,FALSE
jjonesbi01,FALSE
jjonesbo01,FALSE
jjonesbo02,FALSE
jjonesca01,FALSE
jjonesch01,FALSE
jjonesch02,FALSE
jjonesch03,FALSE
jjonesco01,FALSE
jjonesda02,TRUE
jjonesda01,FALSE
jjonesde01,TRUE
jjonesdo02,FALSE
jjonesdo01,FALSE
jjonesdw02,FALSE
jjonesdw01,FALSE
jjonesea01,FALSE
jjonesed02,FALSE
jjonesed01,FALSE
jjonesfr01,FALSE
jjoneshu01,FALSE
jjonesja01,FALSE
jjonesja02,TRUE
jjonesji01,FALSE
jjonesjo01,FALSE
jjonesju01,FALSE
jjoneskc01,FALSE
jjoneske01,TRUE
jjonesla01,FALSE
jjonesma01,FALSE
jjonesma02,FALSE
jjonesma03,FALSE
jjonesni01,FALSE
jjonesoz01,FALSE
jjonespe01,TRUE
jjonespo01,FALSE
jjonesri01,FALSE
jjonesro01,FALSE
jjonessa01,FALSE
jjonessh01,FALSE
jjonesso01,TRUE
jjonesst01,FALSE
jjoneste01,TRUE
jjoneswa01,FALSE
jjoneswa02,FALSE
jjoneswi02,FALSE
jjoneswi01,FALSE
jjordaad01,FALSE
jjordach01,FALSE
jjordade01,TRUE
jjordaed01,FALSE
jjordaje01,TRUE
jjordami01,FALSE
jjordare01,FALSE
jjordath01,FALSE
jjordawa01,FALSE
jjordoph01,FALSE
jjorgejo01,FALSE
jjorgeno01,FALSE
jjorgero01,FALSE
jjosepco01,TRUE
jjosepga01,FALSE
jjosepkr01,TRUE
jjosepyv01,FALSE
jjoyceke01,FALSE
jjoynebu01,FALSE
jjudkije01,FALSE
kkachawh01,FALSE
kkaftage01,FALSE
kkalafed01,FALSE
kkamanch01,TRUE
kkanteen01,TRUE
kkaplora01,FALSE
kkaponja01,TRUE
kkappeto01,FALSE
kkarasse01,TRUE
kkarlco01,FALSE
kkarlge01,FALSE
kkasided01,FALSE
kkasunma01,FALSE
kkatkale01,FALSE
kkauffbo01,FALSE
kkautzwi01,FALSE
kkeacl01,FALSE
kkearnmi01,FALSE
kkearnto01,FALSE
kkeefead01,FALSE
kkeeliha01,FALSE
kkellebi01,FALSE
kkellega01,FALSE
kkelleke01,FALSE
kkelleri01,FALSE
kkellocl01,FALSE
kkellyar01,FALSE
kkellyje01,FALSE
kkellyry01,TRUE
kkellyto01,FALSE
kkelsegr01,FALSE
kkelsobe01,FALSE
kkempsh01,FALSE
kkemptti01,FALSE
kkendrfr01,FALSE
kkennedj01,TRUE
kkennego01,FALSE
kkennejo01,FALSE
kkennepi01,FALSE
kkenonla01,FALSE
kkenvibi01,FALSE
kkernejo01,FALSE
kkerrre01,FALSE
kkerrst01,FALSE
kkerrija01,FALSE
kkerseje01,FALSE
kkerwito01,FALSE
kkesslal01,FALSE
kketnela01,FALSE
kkeyeju01,FALSE
kkeysra01,FALSE
kkhryavi01,FALSE
kkiddja01,FALSE
kkiddwa01,FALSE
kkiddgmi01,TRUE
kkiffiir01,FALSE
kkileyja01,FALSE
kkilluea01,FALSE
kkilpaca01,FALSE
kkimbato01,FALSE
kkimblbo01,FALSE
kkimbrst01,FALSE
kkinchch01,FALSE
kkingal01,FALSE
kkingbe01,FALSE
kkingch01,FALSE
kkingda01,FALSE
kkingfr01,FALSE
kkingge01,FALSE
kkingge02,FALSE
kkingji01,FALSE
kkingji02,FALSE
kkinglo01,FALSE
kkingma01,FALSE
kkingre01,FALSE
kkingri01,FALSE
kkingro01,FALSE
kkingst01,FALSE
kkingto01,FALSE
kkinnebo01,FALSE
kkinseta01,FALSE
kkirilan01,TRUE
kkirkal01,TRUE
kkirkwa01,FALSE
kkirklwi01,FALSE
kkissaji01,FALSE
kkistldo01,FALSE
kkitchcu01,FALSE
kkitegr01,FALSE
kkittlke01,FALSE
kkleinjo01,FALSE
kkleizli01,TRUE
kklierle01,FALSE
kklotzhe01,FALSE
kkluehdu01,FALSE
kkluttlo01,FALSE
kknighbi01,FALSE
kknighbo01,FALSE
kknighbr02,FALSE
kknighbr03,TRUE
kknighbr01,FALSE
kknighne01,FALSE
kknighro01,FALSE
kknighto01,FALSE
kknightr01,FALSE
kknorele01,FALSE
kknostdi01,FALSE
kknowlro01,FALSE
kkofoeba01,FALSE
kkojisdo01,FALSE
kkomenmi01,FALSE
kkomivho01,FALSE
kkoncajo01,FALSE
kkondlto01,FALSE
kkoperbu01,FALSE
kkopicjo01,FALSE
kkornefr01,FALSE
kkorolya01,FALSE
kkorveky01,TRUE
kkoskito01,FALSE
kkosmale01,FALSE
kkostean01,FALSE
kkottmha01,FALSE
kkoufoko01,TRUE
kkozelto01,FALSE
kkozliro01,FALSE
kkramear01,FALSE
kkrameba01,FALSE
kkramejo01,FALSE
kkramest01,FALSE
kkrausda01,FALSE
kkrauthe01,FALSE
kkravtvi01,TRUE
kkrebsji01,FALSE
kkreklwa01,FALSE
kkronto01,FALSE
kkroppto01,FALSE
kkrstine01,FALSE
kkrystla01,FALSE
kkuberst01,FALSE
kkubiale01,FALSE
kkuczebr01,FALSE
kkudelfr01,FALSE
kkuestjo01,FALSE
kkukara01,FALSE
kkukocto01,FALSE
kkunneke01,FALSE
kkunzete01,FALSE
kkupchmi01,FALSE
kkupeccj01,FALSE
kkurzro01,FALSE
kkutluib01,FALSE
kkuzmiog01,TRUE
llacefre01,FALSE
llacyed01,FALSE
llaceysa01,FALSE
llackebo01,FALSE
llacoufr01,FALSE
lladnewe01,FALSE
llaettch01,FALSE
llafayol01,FALSE
llafrera01,FALSE
llagarto01,FALSE
llaimbbi01,FALSE
llalicpe01,FALSE
llamarbo01,FALSE
llambdo01,TRUE
llambje01,TRUE
llambejo01,FALSE
llampje01,FALSE
llampema01,FALSE
llamplji01,FALSE
llamplse01,FALSE
llandrca01,TRUE
llandrma01,TRUE
llandsma01,FALSE
llaneje01,FALSE
llangan01,FALSE
llangan02,FALSE
llangja01,FALSE
llangdtr01,FALSE
llangfke01,FALSE
llanghda01,FALSE
llaniebo01,FALSE
llantzst01,FALSE
llaresyo01,FALSE
llarkish01,TRUE
llarueru01,FALSE
llarusru01,FALSE
llaskojo01,FALSE
llasmest01,FALSE
llattida01,FALSE
llaudepr01,FALSE
llaureri01,FALSE
llauriha01,FALSE
llautewa01,FALSE
llavelto01,FALSE
llavinza01,TRUE
llavoybo01,FALSE
llawac01,FALSE
llawalga01,TRUE
llawreed01,FALSE
llawsoja01,FALSE
llawsoty01,TRUE
llaytomo01,FALSE
lleaksma01,FALSE
llearha01,FALSE
lleaveal01,FALSE
lleboje01,FALSE
lleckner01,FALSE
lledori01,TRUE
lleebu01,FALSE
lleecl01,FALSE
lleeco01,TRUE
lleeda01,FALSE
lleeda02,TRUE
lleedi01,FALSE
lleedo01,FALSE
lleege01,FALSE
lleegr01,FALSE
lleeke01,FALSE
lleeku01,FALSE
lleema01,TRUE
lleero02,FALSE
lleero01,FALSE
lleeru01,FALSE
lleedeed01,FALSE
llefkoha01,FALSE
llegleti01,FALSE
llehmage01,FALSE
llenal01,TRUE
llenarvo01,FALSE
llentzle01,FALSE
lleonaga01,FALSE
lleonaka01,TRUE
lleoname01,TRUE
lleonasl01,FALSE
llesji01,FALSE
lleslitr01,FALSE
llestero01,FALSE
llettcl01,FALSE
lleuerjo01,TRUE
llevanan01,FALSE
lleverfa01,FALSE
llevincl01,FALSE
llewisbo01,FALSE
llewisce01,FALSE
llewisfr01,FALSE
llewisfr02,FALSE
llewisgr01,FALSE
llewisma01,FALSE
llewismi01,FALSE
llewisqu01,FALSE
llewisra01,FALSE
llewisra02,TRUE
llewisre01,FALSE
lliberma01,FALSE
llichtto01,FALSE
llieboba01,FALSE
lliggide01,TRUE
lligonbi01,FALSE
lligongo01,FALSE
llillada01,TRUE
llinje01,TRUE
llingest01,FALSE
llisteal01,FALSE
llittlsa01,FALSE
llittlge01,FALSE
llivinra01,FALSE
llivinsh01,TRUE
llivinro01,FALSE
lllamaho01,FALSE
llloydbo01,FALSE
llloydch01,FALSE
llloydea01,FALSE
llloydle01,FALSE
llloydsc01,FALSE
llochmri01,FALSE
llochmbo01,FALSE
llockro01,FALSE
llockhda01,FALSE
llockhia01,FALSE
lloderke01,FALSE
llofgrdo01,FALSE
lloganhe01,FALSE
lloganjo01,FALSE
llohaubr01,FALSE
llongar01,FALSE
llonggr01,FALSE
llongjo01,FALSE
llongpa01,FALSE
llongwi01,FALSE
llongllu01,FALSE
llopezbr01,TRUE
llopezfe01,FALSE
llopezra01,FALSE
llopezro01,TRUE
llorthry01,FALSE
lloscuji01,FALSE
llottpl01,FALSE
lloughke01,FALSE
llovebo01,FALSE
lloveke01,TRUE
llovest01,FALSE
llovelcl01,FALSE
llowesi01,FALSE
llowerch01,FALSE
llowryky01,TRUE
llucasal01,FALSE
llucasje01,FALSE
llucasjo01,FALSE
llucasjo02,TRUE
llucaska01,TRUE
llucasma01,FALSE
lluckete01,FALSE
lluety01,FALSE
lluisiji01,FALSE
llujacal01,FALSE
llumpkph01,FALSE
llumppra01,FALSE
llynamrb01,FALSE
llynchge01,FALSE
llynchke01,FALSE
llynnlo01,FALSE
llynnmi01,FALSE
mmacalmi01,FALSE
mmacaued01,FALSE
mmaccuto01,FALSE
mmacgiro01,FALSE
mmachasc01,TRUE
mmacijar01,FALSE
mmackol01,FALSE
mmacksa01,FALSE
mmacksh01,TRUE
mmackema01,FALSE
mmacklru01,FALSE
mmacklve01,TRUE
mmacknjo01,FALSE
mmacledo01,FALSE
mmaconma01,FALSE
mmacyky01,FALSE
mmaddoja01,FALSE
mmaddoti01,FALSE
mmadkige01,FALSE
mmadsema01,FALSE
mmagerno01,FALSE
mmaggeco01,FALSE
mmagleda01,FALSE
mmagloja01,FALSE
mmahafra01,FALSE
mmahinia01,TRUE
mmahnkjo01,FALSE
mmahonbr01,FALSE
mmahonmo01,FALSE
mmahorri01,FALSE
mmajerda01,FALSE
mmajorre01,FALSE
mmalamli01,FALSE
mmalonje01,FALSE
mmalonka01,FALSE
mmalonmo01,FALSE
mmalonma01,FALSE
mmalovst01,FALSE
mmaloymi01,FALSE
mmanakte01,FALSE
mmandijo01,FALSE
mmangifr01,FALSE
mmannida01,FALSE
mmannied01,FALSE
mmannigu01,FALSE
mmanniri01,FALSE
mmannipa01,FALSE
mmantini01,FALSE
mmaravpe01,FALSE
mmaravpr01,FALSE
mmarblde01,TRUE
mmarblro01,FALSE
mmarbust01,FALSE
mmarcisa01,FALSE
mmariasa01,FALSE
mmarinja01,FALSE
mmariosh01,TRUE
mmarkoda01,FALSE
mmarksse01,FALSE
mmarlaha01,FALSE
mmarshji01,FALSE
mmarshri01,FALSE
mmarshdo02,FALSE
mmarshdo01,FALSE
mmarshke01,TRUE
mmarshra01,FALSE
mmarshto01,FALSE
mmarshve01,FALSE
mmartibi01,FALSE
mmartibo01,FALSE
mmartibr01,FALSE
mmartica01,TRUE
mmarticu01,FALSE
mmartida01,FALSE
mmartidi01,FALSE
mmartido01,FALSE
mmartife01,FALSE
mmartije01,FALSE
mmartike01,TRUE
mmartike02,TRUE
mmartila01,FALSE
mmartima01,FALSE
mmartiph01,FALSE
mmartisl01,FALSE
mmartiwh01,FALSE
mmashbja01,FALSE
mmasinal01,FALSE
mmasonan01,FALSE
mmasonde01,FALSE
mmasonro01,FALSE
mmasseto01,FALSE
mmasted01,FALSE
mmathijo01,FALSE
mmatthwe01,FALSE
mmatthwe02,TRUE
mmaughar01,FALSE
mmaxeyma01,FALSE
mmaxieja01,TRUE
mmaxwece01,FALSE
mmaxweve01,FALSE
mmaydo01,FALSE
mmaysc01,FALSE
mmayse01,FALSE
mmaybele01,FALSE
mmayescl01,FALSE
mmayesth01,FALSE
mmayfibi01,FALSE
mmayfike01,FALSE
mmaynoer01,TRUE
mmayooj01,TRUE
mmaystr01,FALSE
mmazzama01,FALSE
mmbahalu01,TRUE
mmcadobo01,FALSE
mmcadoja01,TRUE
mmcbrike01,FALSE
mmccalra01,TRUE
mmccanbo01,FALSE
mmccanbr01,FALSE
mmccanme01,FALSE
mmccanra01,FALSE
mmccarmi01,FALSE
mmccaran01,FALSE
mmccarwi01,FALSE
mmccarjo01,FALSE
mmccarho01,FALSE
mmccarke01,FALSE
mmccarwa01,FALSE
mmccasam01,FALSE
mmccladw01,FALSE
mmcclate01,FALSE
mmcclida01,FALSE
mmccloja01,FALSE
mmccloge01,FALSE
mmccolcj01,TRUE
mmcconjo01,FALSE
mmcconbu01,FALSE
mmccorke01,FALSE
mmccorti01,FALSE
mmccoyje01,FALSE
mmccrapa01,FALSE
mmccrach01,FALSE
mmccraro01,FALSE
mmccrasc01,FALSE
mmcculjo01,FALSE
mmcdancl01,FALSE
mmcdanxa01,FALSE
mmcdanji01,FALSE
mmcdankj01,TRUE
mmcderdo01,TRUE
mmcdonbe01,FALSE
mmcdongl01,FALSE
mmcdonmi01,FALSE
mmcdonro01,FALSE
mmcdowha01,FALSE
mmcdyean01,FALSE
mmcelrji01,FALSE
mmcfarpa01,FALSE
mmcfariv01,FALSE
mmcgahme01,FALSE
mmcgarmi01,TRUE
mmcgeeja01,TRUE
mmcgeemi01,FALSE
mmcgilbi01,FALSE
mmcginge01,FALSE
mmcglojo01,FALSE
mmcgratr01,FALSE
mmcgregi01,FALSE
mmcgriel01,FALSE
mmcguial01,FALSE
mmcguial02,FALSE
mmcguidi01,FALSE
mmcguido01,TRUE
mmchalke01,FALSE
mmcharma01,FALSE
mmcilvji01,FALSE
mmcinnje01,FALSE
mmcintke01,FALSE
mmcintbo01,FALSE
mmckeeje01,FALSE
mmckenke01,FALSE
mmckenfo01,FALSE
mmckenst01,FALSE
mmckeyde01,FALSE
mmckieaa01,FALSE
mmckinbi01,FALSE
mmckinbo01,FALSE
mmckinca01,FALSE
mmclembe01,TRUE
mmclemmc01,FALSE
mmcleoge01,FALSE
mmcleoke01,FALSE
mmcleoro01,FALSE
mmcmahja01,FALSE
mmcmilna01,FALSE
mmcmilto01,FALSE
mmcmilji01,FALSE
mmcmilsh01,FALSE
mmcmulma01,FALSE
mmcnabch01,FALSE
mmcnamma01,FALSE
mmcnamjo01,FALSE
mmcneach01,FALSE
mmcneibo01,FALSE
mmcneila01,FALSE
mmcnulca01,FALSE
mmcphepa01,FALSE
mmcpipro01,FALSE
mmcqueco01,FALSE
mmcreyth01,FALSE
mmcrobjo01,TRUE
mmcwiler01,FALSE
mmearnge01,FALSE
mmedvest01,FALSE
mmeeda01,FALSE
mmeeksjo01,TRUE
mmeelycl01,FALSE
mmeentsc01,FALSE
mmehendi01,FALSE
mmeinemo01,FALSE
mmeinhca01,FALSE
mmekelga01,TRUE
mmelchbi01,FALSE
mmelchga01,FALSE
mmelofa01,TRUE
mmelvied01,FALSE
mmeminde01,FALSE
mmencech01,FALSE
mmengejo01,FALSE
mmenkeke01,FALSE
mmensapo01,TRUE
mmenyade01,FALSE
mmercero01,FALSE
mmeriwjo01,FALSE
mmeriwpo01,FALSE
mmeschto01,FALSE
mmeyerbi01,FALSE
mmeyerlo01,FALSE
mmeyerda01,FALSE
mmiasest01,FALSE
mmichela01,FALSE
mmiddlkh01,TRUE
mmihalre01,FALSE
mmihmch01,FALSE
mmikaned01,FALSE
mmikange01,FALSE
mmikanla01,FALSE
mmikkeve01,FALSE
mmiksial01,FALSE
mmilesaa01,FALSE
mmilescj01,TRUE
mmilesda01,FALSE
mmilesed01,FALSE
mmilicma01,FALSE
mmilicda01,FALSE
mmilitna01,FALSE
mmillean02,TRUE
mmillean01,FALSE
mmillebi01,FALSE
mmillebo01,FALSE
mmillebr01,FALSE
mmilleda01,TRUE
mmilledi01,FALSE
mmilleed01,FALSE
mmilleha01,FALSE
mmilleja01,FALSE
mmillela01,FALSE
mmillemi01,TRUE
mmilleol01,FALSE
mmillequ01,TRUE
mmillere01,FALSE
mmillewa01,FALSE
mmillsch01,FALSE
mmillsjo01,FALSE
mmillspa02,TRUE
mmillste01,FALSE
mmillsel01,TRUE
mmillspa01,TRUE
mminerha01,FALSE
mmingya01,FALSE
mminnidi01,FALSE
mminorda01,FALSE
mminorgr01,FALSE
mminorma01,FALSE
mmirotni01,TRUE
mmisakwa01,FALSE
mmiskija01,FALSE
mmitchle01,FALSE
mmitchmi01,FALSE
mmitchmu01,FALSE
mmitchsa01,FALSE
mmitchto01,FALSE
mmitchto03,TRUE
mmitchto02,TRUE
mmixst01,FALSE
mmlkvybi01,FALSE
mmoblecu01,FALSE
mmobleer01,FALSE
mmoedo01,FALSE
mmoffela01,FALSE
mmogusle01,FALSE
mmohamna01,TRUE
mmoisoje01,FALSE
mmokespa01,FALSE
mmolinja01,FALSE
mmoliswa01,FALSE
mmoncrsi01,FALSE
mmoneyer01,FALSE
mmoniase01,FALSE
mmonroea01,FALSE
mmonrogr01,TRUE
mmonroro01,FALSE
mmontgho01,FALSE
mmontrer01,FALSE
mmoonja01,FALSE
mmooneji01,FALSE
mmoorean01,FALSE
mmooreet01,TRUE
mmoorege01,FALSE
mmooreja01,FALSE
mmoorejo01,FALSE
mmoorela01,FALSE
mmoorelo01,FALSE
mmooremi01,FALSE
mmooreot01,FALSE
mmooreri01,FALSE
mmoorero01,FALSE
mmooretr01,FALSE
mmoreler01,TRUE
mmorelja01,FALSE
mmorgagu01,FALSE
mmorgare01,FALSE
mmorgeel01,FALSE
mmornida01,FALSE
mmorrich01,FALSE
mmorrida01,TRUE
mmorriis01,FALSE
mmorrima03,TRUE
mmorrima02,TRUE
mmorrima01,FALSE
mmorrira01,FALSE
mmorrite01,FALSE
mmorriad01,FALSE
mmorrijo01,FALSE
mmorrimi01,FALSE
mmorrire01,FALSE
mmorroan01,TRUE
mmortodw01,FALSE
mmortojo01,FALSE
mmortori01,FALSE
mmoslegl01,FALSE
mmosspe01,FALSE
mmotenla01,FALSE
mmotiedo01,TRUE
mmottoha01,FALSE
mmoultar01,TRUE
mmountri01,FALSE
mmournal01,FALSE
mmozgoti01,TRUE
mmrazoch01,FALSE
mmueller01,FALSE
mmuhamsh01,TRUE
mmullajo01,FALSE
mmullebo01,FALSE
mmulleby01,TRUE
mmullich01,FALSE
mmullije01,FALSE
mmundtto01,FALSE
mmunkch01,FALSE
mmunroge01,FALSE
mmurdoer01,FALSE
mmuresgh01,FALSE
mmurphal01,FALSE
mmurphca01,FALSE
mmurphdi01,FALSE
mmurpher01,TRUE
mmurphja01,FALSE
mmurphjo01,FALSE
mmurphke01,TRUE
mmurphro01,FALSE
mmurphto01,FALSE
mmurphtr01,FALSE
mmurrake01,FALSE
mmurrala01,FALSE
mmurraro01,FALSE
mmurratr01,FALSE
mmurrewi01,FALSE
mmurredo01,FALSE
mmurryto01,TRUE
mmuscami01,TRUE
mmusian01,FALSE
mmustaje01,FALSE
mmutomdi01,FALSE
mmuursma01,FALSE
mmyerspe01,FALSE
nndiayha01,TRUE
nndiayma01,FALSE
nndiayma02,FALSE
nndongbo01,FALSE
nnaberbo01,FALSE
nnachabo01,FALSE
nnachbbo01,FALSE
nnagelje01,FALSE
nnagyfr01,FALSE
nnailole01,FALSE
nnajered01,FALSE
nnancela01,FALSE
nnapiesh01,TRUE
nnapolpa01,FALSE
nnashbo01,FALSE
nnashco01,FALSE
nnashst01,TRUE
nnatersw01,FALSE
nnathaho01,FALSE
nnattca01,FALSE
nnattke01,FALSE
nnaullwi01,FALSE
nnavarju01,FALSE
nnealcr01,FALSE
nnealga01,TRUE
nnealji01,FALSE
nnealll01,FALSE
nnealyed01,FALSE
nnedovne01,TRUE
nnegraal01,FALSE
nnelsoba01,FALSE
nnelsode01,FALSE
nnelsodo01,FALSE
nnelsoja01,TRUE
nnelsolo01,FALSE
nnelsoro01,FALSE
nnembhru01,FALSE
nnemeldi01,FALSE
nnesbyty01,FALSE
nnesslma01,FALSE
nnestera01,FALSE
nnetolbo01,FALSE
nneumajo01,FALSE
nneumapa01,FALSE
nnevitch01,FALSE
nnewbeme01,FALSE
nnewbiiv01,FALSE
nnewblir01,FALSE
nnewlimi01,FALSE
nnewmajo01,FALSE
nnewmada01,FALSE
nnewtobi01,FALSE
nnichode01,FALSE
nnichoja01,FALSE
nnichoan01,TRUE
nnickega01,FALSE
nnicksca01,FALSE
nniemari01,FALSE
nniemiri01,FALSE
nnilesmi01,FALSE
nnimphku01,FALSE
nnixdy01,FALSE
nnixonno01,FALSE
nnoahjo01,TRUE
nnoblech01,FALSE
nnocioan01,FALSE
nnoelda01,FALSE
nnoelne01,TRUE
nnoelpa01,FALSE
nnoguelu01,TRUE
nnolanji01,FALSE
nnolenpa01,FALSE
nnordgje01,FALSE
nnordmbe01,FALSE
nnorlajo01,FALSE
nnormaco01,FALSE
nnormake01,FALSE
nnorriau01,FALSE
nnorrimo01,FALSE
nnorrisy01,FALSE
nnorwowi01,FALSE
nnostrge01,FALSE
nnoszkst01,FALSE
nnovakmi01,FALSE
nnovakst01,TRUE
nnowelme01,FALSE
nnowitdi01,TRUE
nnunnaja01,TRUE
nnurkiju01,TRUE
nnuttde01,FALSE
nnwosuju01,FALSE
oobannch01,FALSE
oobanned01,FALSE
ooboyljo01,FALSE
oobriebo01,FALSE
oobrieji02,FALSE
oobrieji01,FALSE
oobriera01,FALSE
oobryajo01,TRUE
oobryapa01,TRUE
ooconnde01,FALSE
oodonnan01,FALSE
oogradbu01,FALSE
oohanlfr01,FALSE
ookeefdi01,FALSE
ookeefto01,FALSE
ookoremi01,FALSE
oomallgr01,FALSE
oonealje01,TRUE
oonealsh01,FALSE
ooneilmi01,FALSE
ooquinky01,TRUE
oosheake01,FALSE
ooshiega01,FALSE
oosullda01,FALSE
ooaklech01,FALSE
oobertfa01,FALSE
oodengr01,TRUE
oodomla01,TRUE
oogdenbu01,FALSE
oogdenra01,FALSE
ooggal01,FALSE
oohldo01,FALSE
oohlbrti01,TRUE
ookafoem01,TRUE
ookurme01,FALSE
ooladivi01,TRUE
oolajuha01,FALSE
oolberma01,FALSE
ooldhaja01,FALSE
ooldhajo01,FALSE
ooleynfr01,FALSE
oolivejo01,FALSE
oolivebr01,FALSE
oolivede01,FALSE
ooliveji01,FALSE
oollieke01,FALSE
oollrige01,FALSE
oolowomi01,FALSE
oolsenbu01,FALSE
oolynyke01,TRUE
oonuakar01,TRUE
oormsba01,FALSE
oorrjo01,FALSE
oorrlo01,FALSE
oortizjo01,FALSE
oortonda01,TRUE
oosborch01,FALSE
oosterwa01,FALSE
oostergr01,FALSE
oothicma01,FALSE
oottendo01,FALSE
oottenma01,FALSE
ooutlabo01,FALSE
ooutlatr01,TRUE
oovertcl01,FALSE
oovertdo01,FALSE
oowensan01,FALSE
oowensbi01,FALSE
oowensch01,FALSE
oowensed01,FALSE
oowensji01,FALSE
oowenske01,FALSE
oowensla01,FALSE
oowensre01,FALSE
oowensto01,FALSE
oowesra01,FALSE
ooyedeol01,FALSE
ppacejo01,FALSE
ppachuza01,TRUE
ppackro01,FALSE
ppackwa01,FALSE
ppaddige01,FALSE
ppadgesc01,FALSE
ppagetda01,FALSE
ppainefr01,FALSE
ppalacmi01,FALSE
ppalazto01,FALSE
ppalmebu01,FALSE
ppalmeer01,FALSE
ppalmeji01,FALSE
ppalmewa01,FALSE
ppankoan01,FALSE
ppapanko01,TRUE
ppargoja01,TRUE
ppargoje01,FALSE
pparhaea01,FALSE
pparisro01,FALSE
pparkme01,FALSE
pparkean01,FALSE
pparkeja01,TRUE
pparkesm01,FALSE
pparkeso01,FALSE
pparketo01,TRUE
pparkhba01,FALSE
pparkija01,FALSE
pparksch01,FALSE
pparksch02,FALSE
pparksri01,FALSE
pparrja01,FALSE
pparrado01,FALSE
pparslch01,FALSE
pparsoch01,TRUE
ppaspaza01,FALSE
ppassama01,FALSE
ppastuge01,FALSE
ppatrimy01,FALSE
ppatrist01,FALSE
ppattean01,FALSE
ppattege01,FALSE
ppattepa01,TRUE
ppatteru01,FALSE
ppattest01,FALSE
ppatteto01,FALSE
ppattewo01,FALSE
ppaulch01,TRUE
ppaulkch01,FALSE
ppaulsje01,FALSE
ppaultbi01,FALSE
ppavloal01,TRUE
ppaxsoji01,FALSE
ppaxsoji02,FALSE
ppaxsojo01,FALSE
ppayakjo01,FALSE
ppaynead01,TRUE
ppayneke01,FALSE
ppayneto01,FALSE
ppaytoel01,TRUE
ppaytoga01,FALSE
ppaytome01,FALSE
ppearcge01,FALSE
ppearche01,FALSE
ppecheol01,FALSE
ppeckwi01,FALSE
ppeekri01,FALSE
ppeelean01,FALSE
ppeeplge01,FALSE
ppekovni01,TRUE
ppelkija01,FALSE
ppellosa01,FALSE
ppenbemi01,FALSE
ppendeje01,FALSE
ppenigde01,FALSE
ppenneki01,FALSE
ppeplomi01,FALSE
pperduwi01,FALSE
pperkike01,TRUE
pperkisa01,FALSE
pperkiwa01,FALSE
pperovko01,FALSE
pperryau01,FALSE
pperrycu01,FALSE
pperryel01,FALSE
pperryro01,FALSE
pperryti01,FALSE
ppersoch01,FALSE
ppersowe01,FALSE
ppeterji01,FALSE
ppeterlo01,FALSE
ppeterbo01,FALSE
ppetered01,FALSE
ppeterme01,FALSE
ppetermo01,FALSE
ppetrige01,FALSE
ppetrojo01,TRUE
ppetrodr01,FALSE
ppetruri01,FALSE
ppettibo01,FALSE
ppettwje01,FALSE
ppheglro01,FALSE
pphelaja01,FALSE
pphelaja02,FALSE
pphelpde01,FALSE
pphelpmi01,FALSE
pphillan01,FALSE
pphilled01,FALSE
pphillga01,FALSE
pphillge01,FALSE
pphillbo01,FALSE
ppiatker01,FALSE
ppiatkwa01,FALSE
ppiercpa01,TRUE
ppiercri01,FALSE
ppietkst01,FALSE
ppietrmi01,TRUE
ppilchjo01,FALSE
ppincked01,FALSE
ppinknke01,FALSE
ppinonjo01,FALSE
ppiontda01,FALSE
ppiotrto01,FALSE
ppippesc01,FALSE
ppittmch01,FALSE
ppittmde01,TRUE
pplanizo01,FALSE
pplumlma01,TRUE
pplumlmi01,TRUE
pplummga01,FALSE
ppodkopa01,FALSE
ppoleedw01,FALSE
ppollaji01,FALSE
ppollasc01,FALSE
ppolsora01,FALSE
ppolynol01,FALSE
ppondecl01,FALSE
ppondequ01,TRUE
ppopeda01,FALSE
ppopema01,FALSE
ppopsoda01,FALSE
ppoquebe01,FALSE
pportech01,FALSE
pporteho01,FALSE
pporteke01,FALSE
pporteot01,TRUE
pportete01,FALSE
pportewi01,FALSE
pportmbo01,FALSE
pposeyja01,FALSE
ppostela01,FALSE
ppostljo01,FALSE
ppotapvi01,FALSE
ppowele01,FALSE
ppowelci01,FALSE
ppoweldw01,TRUE
ppoweljo01,TRUE
ppowelka01,FALSE
ppowelro01,FALSE
ppraddma01,FALSE
pprattmi01,FALSE
ppresspa01,FALSE
ppressph01,TRUE
ppressdo01,FALSE
ppressha01,FALSE
pprevist01,FALSE
ppriceaj01,TRUE
ppricebr01,FALSE
ppriceji01,FALSE
ppricema01,FALSE
ppricemi01,FALSE
ppricero01,TRUE
ppriceto01,FALSE
ppriddbo01,FALSE
pprigipa01,TRUE
pprincta01,TRUE
ppritcjo01,FALSE
ppritcke01,FALSE
pprofila01,FALSE
ppruitga01,FALSE
pprzybjo01,TRUE
ppughle01,FALSE
ppughro01,FALSE
ppullaan01,FALSE
pputnado01,FALSE
qquickbo01,FALSE
qquinnch01,TRUE
qquinnbr01,FALSE
rrackllu01,FALSE
rraderho01,FALSE
rradfoma01,FALSE
rradfowa01,FALSE
rradjadi01,FALSE
rradmavl01,TRUE
rradojal01,FALSE
rradovfr01,FALSE
rradovmo01,FALSE
rradulmi01,TRUE
rradzira01,FALSE
rragelra01,FALSE
rraikesh01,FALSE
rrainsed01,FALSE
rrakocig01,FALSE
rrambiku01,FALSE
rramospe01,FALSE
rramseca01,FALSE
rramsefr01,FALSE
rramsera01,FALSE
rrandama01,FALSE
rrandlju01,TRUE
rrandoan01,TRUE
rrandosh01,TRUE
rrandoza01,TRUE
rrankwa01,FALSE
rranseke01,FALSE
rranzisa01,FALSE
rrascobo01,FALSE
rrasmubl01,FALSE
rratkoge01,FALSE
rratleed01,FALSE
rratlimi01,FALSE
rratlith01,FALSE
rrautian01,FALSE
rrautile01,FALSE
rrayal01,FALSE
rraycl01,FALSE
rraydo01,FALSE
rrayja01,FALSE
rrayji01,FALSE
rraylji01,FALSE
rraymocr01,FALSE
rreaco01,FALSE
rreavejo01,FALSE
rrebraze01,FALSE
rrecasel01,FALSE
rreddmi01,FALSE
rreddofr01,FALSE
rredicjj01,TRUE
rredmoma01,FALSE
rreedhu01,FALSE
rreedju01,FALSE
rreedro01,FALSE
rreedwi01,FALSE
rreevebr01,FALSE
rreevekh01,FALSE
rreganri01,FALSE
rrehfedo01,FALSE
rreidbi01,FALSE
rreiddo01,FALSE
rreidjr01,FALSE
rreidji01,FALSE
rreidro01,FALSE
rreidry01,FALSE
rreineja01,FALSE
rreisech01,FALSE
rrellfri01,FALSE
rrenchte01,FALSE
rrennijo01,FALSE
rrensbro01,FALSE
rrentzef01,FALSE
rrespesh01,FALSE
rrestake01,FALSE
rreynoge01,FALSE
rreynoje01,FALSE
rrhineke01,FALSE
rrhodege01,FALSE
rrhodero01,FALSE
rricegl01,FALSE
rricegl02,TRUE
rrichach01,FALSE
rrichacl01,FALSE
rrichaja01,TRUE
rrichaje01,FALSE
rrichami01,FALSE
rrichano01,FALSE
rrichapo01,FALSE
rrichaqu01,TRUE
rrichmmi01,FALSE
rrichtjo01,FALSE
rrickedi01,FALSE
rrideris01,FALSE
rridglja01,FALSE
rridnolu01,TRUE
rriebeme01,FALSE
rriedybo01,FALSE
rriffeji01,FALSE
rrigauan01,FALSE
rrikerto01,FALSE
rrileybo01,FALSE
rrileyer01,FALSE
rrileypa01,FALSE
rrileyro01,FALSE
rrinalri01,FALSE
rriordmi01,FALSE
rrisenar01,FALSE
rrittete01,FALSE
rrivasra01,FALSE
rriverau01,TRUE
rriverda01,FALSE
rriverdo01,FALSE
rrobbile01,FALSE
rrobbire01,FALSE
rroberan03,TRUE
rroberan02,FALSE
rroberri01,FALSE
rroberte01,FALSE
rroberan01,FALSE
rroberbi01,FALSE
rroberbr01,TRUE
rroberfr01,FALSE
rroberjo01,FALSE
rroberla01,FALSE
rroberma01,FALSE
rroberst01,FALSE
rroberal01,FALSE
rroberos01,FALSE
rroberry01,FALSE
rroberto01,FALSE
rrobeyri01,FALSE
rrobinbe01,FALSE
rrobinch01,FALSE
rrobincl01,FALSE
rrobincl02,FALSE
rrobinda01,FALSE
rrobined01,FALSE
rrobinfl01,FALSE
rrobingl01,FALSE
rrobingl02,TRUE
rrobinja01,FALSE
rrobinja03,FALSE
rrobinja02,FALSE
rrobinla01,FALSE
rrobinna01,TRUE
rrobinol01,FALSE
rrobinro01,FALSE
rrobinru01,FALSE
rrobinsa01,FALSE
rrobinth01,TRUE
rrobintr01,FALSE
rrobinwa01,FALSE
rrobinwi01,FALSE
rrobinbi01,FALSE
rrobisda01,FALSE
rrochare01,FALSE
rrochejo01,FALSE
rrockge01,FALSE
rrockeja01,FALSE
rrodgegu01,FALSE
rrodmade01,FALSE
rrodrise01,FALSE
rroelo01,FALSE
rrogerca01,FALSE
rrogerha01,FALSE
rrogerjo01,FALSE
rrogerma01,FALSE
rrogerro01,FALSE
rrogerro02,FALSE
rrogerwi01,FALSE
rrogesal01,FALSE
rrohloke01,FALSE
rrollike01,FALSE
rrolliph01,FALSE
rrollitr01,FALSE
rromarlo01,FALSE
rrondora01,TRUE
rrookje01,FALSE
rrooksse01,FALSE
rrosede01,TRUE
rroseja01,FALSE
rrosema01,FALSE
rrosero01,FALSE
rrosenpe01,FALSE
rrosenle01,FALSE
rrosenha01,FALSE
rrosendi01,FALSE
rrossqu01,FALSE
rrosste01,TRUE
rrothdo01,FALSE
rrothsc01,FALSE
rrotheir01,FALSE
rrottnmi01,FALSE
rroundda01,FALSE
rrouxgi01,FALSE
rrowanro01,FALSE
rrowecu01,FALSE
rrowinji01,FALSE
rrowlade01,FALSE
rrowsobr01,FALSE
rroybr01,FALSE
rroyaldo01,FALSE
rroyalre01,FALSE
rroyerbo01,FALSE
rroziecl01,FALSE
rrubiori01,TRUE
rruckegu01,FALSE
rruddde01,FALSE
rruddjo01,FALSE
rrudezda01,TRUE
rrudomjo01,FALSE
rruffimi01,FALSE
rruffitr01,FALSE
rruffnpa01,FALSE
rruklijo01,FALSE
rrulanje01,FALSE
rrulebo01,FALSE
rrulloje01,FALSE
rruscost01,FALSE
rrushbr01,TRUE
rrushka01,FALSE
rrussebi01,FALSE
rrussebr01,FALSE
rrusseca02,FALSE
rrusseca01,FALSE
rrussefr01,FALSE
rrussepi01,FALSE
rrusseru01,FALSE
rrussewa01,FALSE
rrussewa02,FALSE
ssabonar01,FALSE
ssacrero01,TRUE
ssadowed01,FALSE
ssailoke01,FALSE
ssallejo01,FALSE
ssalmojo01,TRUE
ssalvaal01,FALSE
ssalvake01,FALSE
ssamakso01,FALSE
ssambch01,FALSE
ssampsja02,TRUE
ssampsja01,FALSE
ssampsra01,FALSE
ssamuesa01,FALSE
ssanchpe01,FALSE
ssandeal01,FALSE
ssandefr01,FALSE
ssandeje01,FALSE
ssandela01,TRUE
ssandeme01,FALSE
ssandemi01,FALSE
ssandeto01,FALSE
ssanforo01,FALSE
ssantida01,FALSE
ssantibo01,FALSE
ssapplwa01,FALSE
ssasseja01,FALSE
ssasseje01,FALSE
ssatteke01,FALSE
ssaulpe01,FALSE
ssauldwo01,FALSE
ssaultgl01,FALSE
ssaundfr01,FALSE
ssavagdo01,FALSE
ssavovpr01,FALSE
ssawyeal01,FALSE
sscalabr01,FALSE
sscaleal01,FALSE
sscalede01,FALSE
sschadfr01,FALSE
sschadbe01,FALSE
sschaehe01,FALSE
sschaebi01,FALSE
sschafbo01,FALSE
sscharbe01,FALSE
sschatma01,FALSE
sschaufr01,FALSE
sschayda01,FALSE
sschaydo01,FALSE
sschecos01,FALSE
sschefst01,FALSE
sschefto01,FALSE
sschelda01,FALSE
sschenlu01,FALSE
sscherhe01,FALSE
sschindw01,FALSE
sschluda01,FALSE
sschneot01,FALSE
sschnidi01,FALSE
sschoeru01,FALSE
sscholda01,FALSE
sschoomi01,FALSE
sschrede01,FALSE
sschrode01,TRUE
sschulho01,FALSE
sschuldi01,FALSE
sschurro01,FALSE
sschwejo01,FALSE
sscolalu01,TRUE
sscolafr01,FALSE
sscottal01,FALSE
sscottbr01,FALSE
sscottby01,FALSE
sscottch01,FALSE
sscottde01,FALSE
sscottja01,FALSE
sscottmi01,TRUE
sscottra01,FALSE
sscottsh01,FALSE
sscottwi01,FALSE
sscranpa01,FALSE
sscurrca01,FALSE
ssealsbr01,FALSE
ssealssh01,FALSE
ssealyma01,FALSE
ssearced01,FALSE
ssearske01,FALSE
sseewa01,FALSE
ssefolth01,TRUE
sseikaro01,FALSE
sselbogl01,FALSE
sselbyjo01,FALSE
ssellebr01,FALSE
sselleph01,FALSE
sseltzro01,FALSE
sselvale01,FALSE
sselvyfr01,FALSE
sseminji01,FALSE
ssenesa01,FALSE
ssenesge01,FALSE
sserapke01,TRUE
ssesayan01,FALSE
ssessira01,TRUE
sseungha01,FALSE
ssewelto01,FALSE
sseymopa01,FALSE
sshabani01,FALSE
sshackly01,FALSE
sshackch01,FALSE
sshaefca01,FALSE
sshaffle01,FALSE
sshakumu01,TRUE
sshammgo01,FALSE
sshannea01,FALSE
sshannho01,FALSE
ssharech01,FALSE
ssharmbi01,FALSE
ssharpwa01,FALSE
sshaskjo01,FALSE
sshavlro01,FALSE
sshawbr01,FALSE
sshawca01,FALSE
ssheabo01,FALSE
sshefffr01,FALSE
ssheltcr01,FALSE
ssheltlo01,FALSE
sshengto01,TRUE
sshephbi01,FALSE
ssheppje01,FALSE
ssheppst01,FALSE
ssheroed01,FALSE
sshippch01,FALSE
sshirlpa01,FALSE
sshortge01,FALSE
sshortpu01,FALSE
sshousde01,FALSE
sshriddi01,FALSE
sshuege01,FALSE
sshumajo01,FALSE
sshumpim01,TRUE
sshvedal01,TRUE
ssibersa01,FALSE
ssiblema01,FALSE
ssichtje01,FALSE
ssidledo01,FALSE
ssiegfla01,FALSE
ssiewera01,FALSE
ssikmaja01,FALSE
ssilasja01,FALSE
ssilaspa01,FALSE
ssilasxa01,TRUE
ssilerga01,FALSE
ssillimi01,FALSE
ssimiewa01,FALSE
ssimmobo01,FALSE
ssimmoce01,FALSE
ssimmoco01,FALSE
ssimmogr01,FALSE
ssimmojo01,FALSE
ssimmoli01,FALSE
ssimonmi01,FALSE
ssimonwa01,FALSE
ssimpkdi01,FALSE
ssimpsra01,FALSE
ssimsal01,FALSE
ssimsbo01,FALSE
ssimsco01,FALSE
ssimsdo01,FALSE
ssimshe01,TRUE
ssimssc01,FALSE
ssinglky01,TRUE
ssinglse01,FALSE
ssinglch01,TRUE
ssinglja01,FALSE
ssinglmc01,FALSE
ssinicze01,FALSE
ssittoch01,FALSE
ssivape01,TRUE
sskilesc01,FALSE
sskinnal01,FALSE
sskinnbr01,FALSE
sskinnta01,FALSE
sskoogwh01,FALSE
ssladeje01,FALSE
sslatere01,FALSE
sslaugji01,FALSE
sslaugjo01,FALSE
sslayta01,FALSE
ssloando01,TRUE
ssloanje01,FALSE
sslokaur01,FALSE
sslubyto01,FALSE
ssmartke01,FALSE
ssmartma01,TRUE
ssmawlbe01,FALSE
ssmileja01,FALSE
ssmithad01,FALSE
ssmithal01,FALSE
ssmithbi01,FALSE
ssmithbi02,FALSE
ssmithbo01,FALSE
ssmithch01,FALSE
ssmithch02,FALSE
ssmithch04,FALSE
ssmithch03,FALSE
ssmithch05,TRUE
ssmithcl01,FALSE
ssmithcr01,FALSE
ssmithde01,FALSE
ssmithde02,FALSE
ssmithdo01,FALSE
ssmithdo02,FALSE
ssmithdo04,FALSE
ssmithdo03,FALSE
ssmithed01,FALSE
ssmithel01,FALSE
ssmithga01,FALSE
ssmithgr01,FALSE
ssmithgr02,TRUE
ssmithis01,TRUE
ssmithjr01,TRUE
ssmithja01,FALSE
ssmithja02,TRUE
ssmithje01,FALSE
ssmithji01,FALSE
ssmithjo02,FALSE
ssmithjo01,FALSE
ssmithjo03,TRUE
ssmithke03,FALSE
ssmithke02,FALSE
ssmithke01,FALSE
ssmithla02,FALSE
ssmithla01,FALSE
ssmithle01,FALSE
ssmithmi01,FALSE
ssmithmi02,FALSE
ssmithmi03,FALSE
ssmithno01,TRUE
ssmithot01,FALSE
ssmithpe01,FALSE
ssmithph01,FALSE
ssmithra01,FALSE
ssmithre01,FALSE
ssmithro01,FALSE
ssmithru01,TRUE
ssmithsa01,FALSE
ssmithsa02,FALSE
ssmithst01,FALSE
ssmithst03,FALSE
ssmithst02,FALSE
ssmithth01,FALSE
ssmithto02,FALSE
ssmithwi01,FALSE
ssmithwi02,FALSE
ssmitsri01,FALSE
ssmrekmi01,FALSE
ssmythjo01,FALSE
ssnellto01,TRUE
ssnower01,FALSE
ssnydedi01,FALSE
ssnydeki01,FALSE
ssobekch01,FALSE
ssoberri01,FALSE
ssobiero01,FALSE
ssojoumi01,FALSE
ssojouwi01,FALSE
ssolomwi01,FALSE
ssomerwi01,FALSE
ssongada01,FALSE
ssorenda01,FALSE
ssouthja01,TRUE
ssovragi01,FALSE
ssowpa01,FALSE
sspainke01,FALSE
sspanaji01,FALSE
sspanova01,FALSE
ssparkda01,FALSE
ssparrgu01,FALSE
ssparrro01,FALSE
sspearod01,FALSE
sspectar01,FALSE
sspeigma01,TRUE
sspencan01,FALSE
sspencel01,FALSE
sspencfe01,FALSE
sspicelo01,FALSE
sspitzcr01,FALSE
ssplitti01,TRUE
sspoelar01,FALSE
sspragbr01,FALSE
ssprewla01,FALSE
ssprigla01,FALSE
ssprinji01,FALSE
sspruiji01,FALSE
sstackry01,FALSE
sstackje01,FALSE
sstacoke01,FALSE
sstagger01,FALSE
sstallbu01,FALSE
sstallda01,FALSE
sstanced01,FALSE
sstanste01,FALSE
sstarkjo01,FALSE
sstarrke01,FALSE
sstausni01,TRUE
sstavela01,FALSE
ssteella01,FALSE
ssteigma01,FALSE
sstepavl01,FALSE
sstephdj01,TRUE
sstephev01,FALSE
sstephja01,FALSE
sstephjo01,FALSE
sstephla01,TRUE
ssteppbr01,FALSE
ssteveba01,FALSE
sstevewa01,FALSE
sstevede01,TRUE
sstewade01,FALSE
sstewake01,FALSE
sstewala01,FALSE
sstewami01,FALSE
sstewano01,FALSE
sstiemgr01,TRUE
sstipast01,FALSE
sstithbr01,FALSE
sstithsa01,FALSE
sstithto01,FALSE
sstivral01,FALSE
sstockjo01,FALSE
sstojape01,FALSE
sstokeed01,FALSE
sstokegr01,FALSE
sstokeja01,TRUE
sstokema01,FALSE
sstolkar01,FALSE
sstollra01,FALSE
sstonege01,FALSE
sstoneju01,TRUE
sstoreaw01,FALSE
sstoudda01,FALSE
sstoudsa01,FALSE
sstoudam01,TRUE
sstovapa01,FALSE
sstrawdj01,FALSE
sstrawjo01,FALSE
sstricbi01,FALSE
sstricer01,FALSE
sstricma01,FALSE
sstricro02,FALSE
sstricro01,FALSE
sstroejo01,FALSE
sstronde01,FALSE
sstrotla01,FALSE
sstroujo01,FALSE
sstroure01,FALSE
sstuckro01,TRUE
sstumpge01,FALSE
sstutzst01,FALSE
ssuitega01,FALSE
ssullija01,TRUE
ssummeda01,TRUE
ssumptba01,FALSE
ssundedo01,FALSE
ssundobr01,FALSE
ssundvjo01,FALSE
ssurabo01,FALSE
ssurhodi01,FALSE
ssutorge01,FALSE
ssuttlda01,FALSE
ssuttogr01,FALSE
sswageke01,FALSE
sswainbe01,FALSE
sswansno01,FALSE
sswartda01,FALSE
ssweetmi01,FALSE
sswiftro01,FALSE
sswiftsk01,FALSE
sswiftst01,FALSE
sswinsaa01,FALSE
ssypa01,FALSE
ssydnobu01,FALSE
ssykesla01,FALSE
sszabobr01,FALSE
sszczewa02,FALSE
sszczewa01,FALSE
ttabakza01,FALSE
ttabusyu01,FALSE
ttaftch01,FALSE
ttanensi01,FALSE
ttarladr01,FALSE
ttarplro01,FALSE
ttartle01,FALSE
ttatumea01,FALSE
ttayloan01,FALSE
ttaylobr01,FALSE
ttaylodo01,FALSE
ttaylofa01,FALSE
ttaylofr01,FALSE
ttayloja01,FALSE
ttayloje01,FALSE
ttayloje03,TRUE
ttayloje02,TRUE
ttaylojo01,FALSE
ttaylole01,FALSE
ttayloma01,FALSE
ttaylomi01,FALSE
ttaylool01,FALSE
ttayloro01,FALSE
ttayloty01,TRUE
ttaylovi01,FALSE
tteaglte01,FALSE
tteaguje01,TRUE
tteaguma01,TRUE
tteletmi01,TRUE
ttelfase01,TRUE
ttemplco01,FALSE
ttemplga01,TRUE
tterreir01,FALSE
tterryca01,FALSE
tterrych01,FALSE
tterrycl01,FALSE
tterryja01,TRUE
tthabeha01,TRUE
tthackto01,FALSE
tthearfl01,FALSE
ttheusre01,FALSE
tthibepe01,FALSE
tthiebbi01,FALSE
tthigpju01,FALSE
tthirdda01,FALSE
tthomaad01,TRUE
tthomabi01,FALSE
tthomaca01,FALSE
tthomach01,FALSE
tthomaet01,FALSE
tthomair01,FALSE
tthomais02,TRUE
tthomais01,FALSE
tthomaja01,FALSE
tthomaja02,FALSE
tthomaji01,FALSE
tthomajo01,FALSE
tthomajo02,FALSE
tthomake01,FALSE
tthomaku01,FALSE
tthomala01,TRUE
tthomama01,TRUE
tthomaro01,FALSE
tthomate01,FALSE
tthomati01,FALSE
tthomaty01,TRUE
tthomawi01,FALSE
tthomptr02,FALSE
tthompbe01,FALSE
tthompbi01,FALSE
tthompbr01,FALSE
tthompco01,FALSE
tthompda01,FALSE
tthompdi01,FALSE
tthompge01,FALSE
tthompho01,TRUE
tthompja01,FALSE
tthompja02,TRUE
tthompjo01,FALSE
tthompke01,FALSE
tthompkl01,TRUE
tthompla01,FALSE
tthompmy01,FALSE
tthompmy02,FALSE
tthomppa01,FALSE
tthompst01,FALSE
tthomptr01,TRUE
tthoresk01,FALSE
tthornro01,FALSE
tthornal01,FALSE
tthornbo01,FALSE
tthornda01,FALSE
tthornma01,TRUE
tthorpot01,FALSE
tthrease01,FALSE
tthurmna01,FALSE
tthursme01,FALSE
ttidriha01,FALSE
ttiemada01,FALSE
ttillida01,FALSE
ttinglja01,FALSE
ttinslge01,FALSE
ttinslja01,TRUE
ttisdawa01,FALSE
ttodormi01,FALSE
ttolbera01,FALSE
ttolbeto01,FALSE
ttollian01,TRUE
ttolsode01,FALSE
ttomjaru01,FALSE
ttoneyan01,FALSE
ttoneyse01,FALSE
ttonkoan01,FALSE
ttoolsan01,FALSE
ttoomaja01,FALSE
ttoonebe01,FALSE
ttorgoir01,FALSE
ttormobu01,FALSE
ttorreos01,FALSE
ttoshebi01,FALSE
ttoughbo01,FALSE
ttowemo01,FALSE
ttowerke01,FALSE
ttowerbl01,FALSE
ttowneli01,FALSE
ttownsra01,FALSE
ttrappge01,FALSE
ttrappjo01,FALSE
ttraylro01,FALSE
ttrentga01,FALSE
ttrepaje01,FALSE
ttresvjo01,FALSE
ttriptdi01,FALSE
ttripuke01,FALSE
ttruitan01,FALSE
ttrybace01,FALSE
ttsakaja01,FALSE
ttschojo01,FALSE
ttsiorlo01,FALSE
ttskitni01,FALSE
ttuckeal01,FALSE
ttuckeal02,FALSE
ttuckean01,FALSE
ttuckeji01,FALSE
ttuckepj01,TRUE
ttucketr01,FALSE
tturiaro01,TRUE
tturkcmi01,FALSE
tturkohe01,TRUE
tturnean01,FALSE
tturnebi01,FALSE
tturneel01,FALSE
tturneev01,TRUE
tturnega01,FALSE
tturnehe02,FALSE
tturnehe01,FALSE
tturneja01,FALSE
tturneja02,FALSE
tturneje01,FALSE
tturnejo01,FALSE
tturnewa01,FALSE
tturpime01,FALSE
ttwardda01,FALSE
ttwymaja01,FALSE
ttylerbj01,FALSE
ttylerje01,TRUE
ttylerte01,FALSE
ttyrach01,FALSE
uubileed01,FALSE
uudohek01,TRUE
uudokaim01,FALSE
uudrihbe01,TRUE
uukicro01,FALSE
uunselwe01,FALSE
uuplinha01,FALSE
uupshake01,FALSE
uuzohbe01,FALSE
vvacenst01,FALSE
vvalanjo01,TRUE
vvalenda01,FALSE
vvalenro01,FALSE
vvallejo01,FALSE
vvanardi01,FALSE
vvanarto01,FALSE
vvanbrbu01,FALSE
vvanbrja01,FALSE
vvanexni01,FALSE
vvanhoke01,FALSE
vvanlino01,FALSE
vvanzade01,FALSE
vvancege01,FALSE
vvandelo01,FALSE
vvandeer01,FALSE
vvandeki01,FALSE
vvanosni01,FALSE
vvanteda01,FALSE
vvardara01,FALSE
vvarejan01,TRUE
vvarnaja01,TRUE
vvasqugr01,TRUE
vvaughch01,FALSE
vvaughda01,FALSE
vvaughda02,FALSE
vvaughja01,FALSE
vvaughvi01,FALSE
vvaughlo01,FALSE
vvergabo01,FALSE
vverhope01,FALSE
vveselja01,TRUE
vvetragu01,FALSE
vviannjo01,FALSE
vvillach01,TRUE
vvinceja01,FALSE
vvincesa01,FALSE
vvincima01,FALSE
vvinsofr01,FALSE
vvirdecl01,FALSE
vvocega01,FALSE
vvolkefl01,FALSE
vvolkoal01,FALSE
vvonniwh01,FALSE
vvonleno01,TRUE
vvoskuja01,FALSE
vvraneda01,FALSE
vvranesl01,FALSE
vvrankst01,FALSE
vvromabr01,FALSE
vvromaja01,FALSE
vvucevni01,TRUE
vvujacsa01,TRUE
wwadedw01,TRUE
wwadema01,FALSE
wwafervo01,FALSE
wwagercl01,FALSE
wwagneda02,FALSE
wwagneda01,FALSE
wwagnemi01,FALSE
wwagneph01,FALSE
wwaitedi01,TRUE
wwaitegr01,FALSE
wwakefan01,FALSE
wwalkne01,FALSE
wwalkean01,FALSE
wwalkean02,FALSE
wwalkebi01,FALSE
wwalkebr01,FALSE
wwalkech01,FALSE
wwalkeda01,FALSE
wwalkefo01,FALSE
wwalkeho01,FALSE
wwalkeji01,FALSE
wwalkeke02,TRUE
wwalkeke01,FALSE
wwalkeph01,FALSE
wwalkesa01,FALSE
wwalkewa01,FALSE
wwalljo01,TRUE
wwallabe01,FALSE
wwallage01,TRUE
wwallajo01,FALSE
wwallara01,FALSE
wwallare01,FALSE
wwalledw01,FALSE
wwalleja01,FALSE
wwalshji01,FALSE
wwalshma01,FALSE
wwaltere01,FALSE
wwalthpa01,FALSE
wwalthis01,FALSE
wwaltobi01,FALSE
wwaltoll01,FALSE
wwaltolu01,TRUE
wwanzebo01,FALSE
wwarbipe01,FALSE
wwardch01,FALSE
wwardge01,FALSE
wwardhe01,FALSE
wwareca01,TRUE
wwareji01,FALSE
wwarlebe01,FALSE
wwarlibo01,FALSE
wwarneco01,FALSE
wwarrebo01,FALSE
wwarrejo01,FALSE
wwarretj01,TRUE
wwarrewi01,FALSE
wwarribr01,FALSE
wwarriha01,FALSE
wwashbch01,FALSE
wwashibo01,FALSE
wwashida01,FALSE
wwashido01,FALSE
wwashidu01,FALSE
wwashier01,FALSE
wwashiji01,FALSE
wwashike01,FALSE
wwashipe01,FALSE
wwashiri01,FALSE
wwashist01,FALSE
wwashitr01,FALSE
wwashiwi01,FALSE
wwatkida01,FALSE
wwatsobo01,FALSE
wwatsocj01,TRUE
wwatsoea01,TRUE
wwatsoja01,FALSE
wwattsro01,FALSE
wwattssa01,FALSE
wwattssl01,FALSE
wwaynsma01,TRUE
wweartr01,TRUE
wweathcl01,FALSE
wweathni01,FALSE
wweaveky01,FALSE
wwebbje01,FALSE
wwebbma01,FALSE
wwebbsp01,FALSE
wwebbech01,FALSE
wweberja01,FALSE
wwebstel01,FALSE
wwebstje01,FALSE
wwebstma02,TRUE
wwebstma01,FALSE
wwedmasc01,FALSE
wweemsso01,FALSE
wwehrdi01,FALSE
wweidnbr01,FALSE
wweissbo01,FALSE
wweitzri01,FALSE
wwellsbo01,FALSE
wwellsbu01,FALSE
wwellsow01,FALSE
wwellsra01,FALSE
wwelpch01,FALSE
wwelscji01,FALSE
wwennibi01,FALSE
wwenstma01,FALSE
wwerdaro01,FALSE
wwertira01,FALSE
wwesleda01,FALSE
wweslewa01,FALSE
wwestda01,TRUE
wwestde01,FALSE
wwestdo01,FALSE
wwestje01,FALSE
wwestma02,FALSE
wwestma01,FALSE
wwestro01,FALSE
wwestbde01,FALSE
wwestbru01,TRUE
wwestppa01,FALSE
wwetzejo01,FALSE
wwhalero01,FALSE
wwhatlen01,FALSE
wwheatde01,FALSE
wwheelcl01,FALSE
wwheelty01,FALSE
wwhitask01,FALSE
wwhitedj01,TRUE
wwhiteer01,FALSE
wwhitehe01,FALSE
wwhitehu01,FALSE
wwhiteja01,FALSE
wwhiteja02,FALSE
wwhitejo01,FALSE
wwhitera01,FALSE
wwhitero02,FALSE
wwhitero01,FALSE
wwhitero03,TRUE
wwhiteru01,FALSE
wwhiteto01,FALSE
wwhitewi01,FALSE
wwhiteje01,FALSE
wwhitedo01,FALSE
wwhiteha01,TRUE
wwhitfdw01,FALSE
wwhitnch01,FALSE
wwhitnha01,FALSE
wwhitnha02,FALSE
wwhittsh01,TRUE
wwickssi01,FALSE
wwidbyro01,FALSE
wwiermu01,FALSE
wwiesebo01,FALSE
wwiggian01,TRUE
wwiggimi01,FALSE
wwilbuke01,FALSE
wwilcocj01,TRUE
wwilcoch01,TRUE
wwilcudc01,FALSE
wwileyge01,FALSE
wwileymi01,FALSE
wwileymo01,FALSE
wwilfowi01,FALSE
wwilkele01,FALSE
wwilkebo01,FALSE
wwilkeja01,FALSE
wwilkeja02,FALSE
wwilkida02,TRUE
wwilkido01,FALSE
wwilkied01,FALSE
wwilkige01,FALSE
wwilkije01,FALSE
wwilkida01,FALSE
wwilksmi01,FALSE
wwilliaa01,FALSE
wwillial01,FALSE
wwillial02,FALSE
wwilliar01,FALSE
wwillibe01,FALSE
wwillibo01,FALSE
wwillibr01,FALSE
wwillibu01,FALSE
wwillich01,FALSE
wwillich02,FALSE
wwillich03,FALSE
wwillicl01,FALSE
wwillico01,FALSE
wwillide01,TRUE
wwillide02,TRUE
wwillidu01,FALSE
wwilliea01,FALSE
wwilliel01,TRUE
wwillier01,FALSE
wwillifl01,FALSE
wwillifr02,FALSE
wwillifr01,FALSE
wwillige01,FALSE
wwilligu01,FALSE
wwilligu02,FALSE
wwilliha01,FALSE
wwillihe01,FALSE
wwilliho01,FALSE
wwillija02,FALSE
wwillija04,FALSE
wwillija03,FALSE
wwillija01,FALSE
wwillije01,FALSE
wwillijo02,FALSE
wwillijo03,FALSE
wwilliju01,FALSE
wwillike03,FALSE
wwillike01,FALSE
wwillilo01,FALSE
wwillilo02,TRUE
wwillima03,FALSE
wwillima04,FALSE
wwillima02,TRUE
wwillimi02,FALSE
wwillimi03,FALSE
wwillimi01,FALSE
wwillima01,TRUE
wwillimo01,FALSE
wwillina01,FALSE
wwillipe01,FALSE
wwillira01,FALSE
wwillire01,FALSE
wwillire02,TRUE
wwilliri01,FALSE
wwilliro02,FALSE
wwilliro01,FALSE
wwillisa01,FALSE
wwillisa02,FALSE
wwillisc01,FALSE
wwillise01,FALSE
wwillish01,FALSE
wwillish03,TRUE
wwillish02,FALSE
wwillisl01,FALSE
wwillite01,FALSE
wwillitr01,FALSE
wwilliwa02,FALSE
wwilliwa01,FALSE
wwilliwi01,FALSE
wwillico02,FALSE
wwillijo01,FALSE
wwilliva01,FALSE
wwillike02,FALSE
wwillobi01,FALSE
wwillode01,FALSE
wwilsobo01,FALSE
wwilsobo02,FALSE
wwilsobo03,FALSE
wwilsobu01,FALSE
wwilsoge01,FALSE
wwilsois01,FALSE
wwilsoja01,FALSE
wwilsoji01,FALSE
wwilsomi01,FALSE
wwilsoni01,FALSE
wwilsoot01,FALSE
wwilsori01,FALSE
wwilsori02,FALSE
wwilsost01,FALSE
wwilsotr01,FALSE
wwinchke01,FALSE
wwindito01,FALSE
wwindsjo01,FALSE
wwinfile01,FALSE
wwingada01,FALSE
wwingfdo01,FALSE
wwingoha01,FALSE
wwinklma01,FALSE
wwinslri01,FALSE
wwintetr01,FALSE
wwintebr01,FALSE
wwintevo01,FALSE
wwisesk01,FALSE
wwisewi01,FALSE
wwitheje01,TRUE
wwittelu01,FALSE
wwittmgr01,FALSE
wwittmra01,FALSE
wwittsga01,FALSE
wwohlda01,FALSE
wwolfjo01,FALSE
wwolkoru01,FALSE
wwoltena01,TRUE
wwoodal01,FALSE
wwoodbo01,FALSE
wwoodda01,FALSE
wwoodho01,FALSE
wwoodle01,FALSE
wwoodslo01,FALSE
wwoodsqy01,FALSE
wwoodsra01,FALSE
wwoodsto01,FALSE
wwoodsmi01,FALSE
wwoollbo01,FALSE
wwoolror01,FALSE
wworkmha01,FALSE
wworkmma01,FALSE
wworkmto01,FALSE
wartesro01,TRUE
wworslwi01,FALSE
wworthsa01,FALSE
wworthja01,FALSE
wwrighan01,FALSE
wwrighbr02,FALSE
wwrighbr01,FALSE
wwrighbr03,TRUE
wwrighch01,TRUE
wwrighch02,FALSE
wwrighdo01,TRUE
wwrighho02,FALSE
wwrighho01,FALSE
wwrighjo01,FALSE
wwrighju01,FALSE
wwrighla01,FALSE
wwrighle01,FALSE
wwrighlo01,FALSE
wwrighlo02,FALSE
wwrighlu01,FALSE
wwrighsh01,FALSE
wwroteto01,TRUE
wwuycide01,FALSE
wwyndeaj01,FALSE
yyarbrvi01,FALSE
yyardlge01,FALSE
yyatesba01,FALSE
yyateswa01,FALSE
yyelvech01,FALSE
yyonakri01,FALSE
yyoungda01,FALSE
yyoungja01,TRUE
yyoungko01,FALSE
yyoungmi01,FALSE
yyoungni01,TRUE
yyoungpe01,FALSE
yyoungsa01,TRUE
yyoungth01,TRUE
yyoungti01,FALSE
yyuesu01,FALSE
zzasloma01,FALSE
zzawolze01,FALSE
zzelleco01,TRUE
zzelleda01,FALSE
zzellega01,FALSE
zzelleha01,FALSE
zzellelu01,FALSE
zzellety01,TRUE
zzenoto01,FALSE
zzevenph01,FALSE
zzhizhwa01,FALSE
zzidekge01,FALSE
zzimmede01,FALSE
zzoetji01,FALSE
zzopfbi01,FALSE
zzunicma01,FALSE
